,uci_moves
0,e2e4 g8f6 e4e5 f6d5 d2d4 d7d6 f1c4
1,e2e4 g8f6 e4e5 f6g8
2,e2e4 g8f6 e4e5 f6d5 d2d4 d7d6 c2c4 d5b6 e5d6
3,e2e4 g8f6 e4e5 f6d5 d2d4 d7d6 c2c4 d5b6 f2f4
4,e2e4 g8f6 e4e5 f6d5 d2d4 d7d6 c2c4 d5b6 f2f4 g7g6
5,e2e4 g8f6 e4e5 f6d5 d2d4 d7d6 c2c4 d5b6 f2f4 d6e5 f4e5 b8c6 c1e3
6,e2e4 g8f6 e4e5 f6d5 d2d4 d7d6 c2c4 d5b6 f2f4 c8f5
7,e2e4 g8f6
8,e2e4 g8f6 e4e5 f6d5 c2c4 d5b6 c4c5 b6d5 b1c3 e7e6 f1c4
9,e2e4 g8f6 d2d3
10,e2e4 g8f6 e4e5 f6d5 d2d4 d7d6 g1f3
11,e2e4 g8f6 e4e5 f6d5 d2d4 d7d6 g1f3 g7g6
12,e2e4 g8f6 e4e5 f6d5 d2d4 d7d6 g1f3 c8g4 c2c4 d5b6 f1e2
13,e2e4 g8f6 e4e5 f6d5 d2d4 d7d6 g1f3 g7g6 f1c4 d5b6 c4b3 f8g7 a2a4
14,e2e4 g8f6 e4e5 f6d5 d2d4 d7d6 g1f3 d6e5
15,e2e4 g8f6 e4e5 f6d5 d2d4 d7d6 g1f3 d6e5 f3e5 c7c6
16,e2e4 g8f6 e4e5 f6d5 d2d4 d7d6 g1f3 b8c6
17,e2e4 g8f6 e4e5 f6d5 d2d4 d7d6 g1f3 c8g4
18,e2e4 g8f6 e4e5 f6d5 d2d4 d7d6 g1f3 c8g4 h2h3
19,e2e4 g8f6 e4e5 f6d5 d2d4 d7d6 g1f3 d5b6
20,e2e4 g8f6 e4e5 f6d5
21,e2e4 g8f6 e4e5 f6d5 d2d4 d7d6
22,e2e4 g8f6 e4e5 f6d5 b1c3
23,e2e4 g8f6 b1c3 d7d5
24,e2e4 g8f6 b1c3 d7d5 e4e5 f6d7 e5e6
25,e2e4 g8f6 e4e5 f6d5 c2c4
26,e2e4 g8f6 e4e5 f6d5 c2c4 d5b6 c4c5
27,a2a3
28,d2d4 g8f6 c2c4 c7c5 d4d5 b7b5 c4b5 a7a6 b5a6 g7g6 b1c3 c8a6 f2f4
29,d2d4 g8f6 c2c4 c7c5 d4d5 b7b5 c4b5 a7a6 f2f3
30,d2d4 g8f6 c2c4 c7c5 d4d5 b7b5 c4b5 a7a6 b5a6 c8a6 b1c3 g7g6 g1f3 d7d6 g2g3 f8g7 f1g2
31,d2d4 g8f6 c2c4 c7c5 d4d5 b7b5 c4b5 a7a6 b5a6
32,d2d4 g8f6 c2c4 c7c5 d4d5 b7b5 c4b5 a7a6 b5a6 c8a6 b1c3 d7d6 e2e4 a6f1 e1f1 g7g6 g2g3 f8g7 f1g2 e8g8 g1f3
33,d2d4 g8f6 c2c4 c7c5 d4d5 b7b5 c4b5 a7a6 e2e3
34,d2d4 g8f6 c2c4 c7c5 d4d5 b7b5 c4b5 a7a6 b5b6
35,d2d4 g8f6 c2c4 c7c5 d4d5 b7b5 c4b5 a7a6 b5a6 c8a6 b1c3 d7d6 e2e4 a6f1 e1f1 g7g6 g1e2
36,d2d4 g8f6 c2c4 c7c5 d4d5 b7b5 c4b5 a7a6 b5a6 c8a6 b1c3 d7d6 e2e4
37,d2d4 g8f6 c2c4 c7c5 d4d5 b7b5 c1g5
38,d2d4 g8f6 c2c4 c7c5 d4d5 b7b5 g1f3
39,d2d4 g8f6 c2c4 c7c5 d4d5 b7b5 f2f3
40,d2d4 g8f6 c2c4 c7c5 d4d5 b7b5 b1d2
41,d2d4 g8f6 c2c4 c7c5 d4d5 b7b5 a2a4
42,d2d4 g8f6 c2c4 c7c5 d4d5 b7b5
43,d2d4 g8f6 c2c4 c7c5 d4d5 b7b5 c4b5 a7a6 b1c3
44,d2d4 g8f6 c2c4 c7c5 d4d5 b7b5 c4b5 a7a6 b1c3 a6b5 e2e4 b5b4 c3b5
45,d2d4 c7c5 d4c5
46,d2d4 c7c5 d4c5 b8a6
47,d2d4 c7c5 d4d5 g8f6
48,d2d4 c7c5 d4d5 g8f6 g1f3
49,d2d4 g8f6 c2c4 c7c5 d4d5 e7e6 b1c3 e6d5 c4d5 d7d6 e2e4 g7g6 g1f3 f8g7 f1e2 e8g8 e1g1 a7a6 a2a4 c8g4
50,d2d4 g8f6 c2c4 c7c5 d4d5 e7e6 b1c3 e6d5 c4d5 d7d6 e2e4 g7g6 g1f3 f8g7 c1g5
51,d2d4 g8f6 c2c4 c7c5 d4d5 e7e6 b1c3 e6d5 c4d5 d7d6 e2e4 g7g6 g1f3 f8g7 f1e2 e8g8 e1g1 f8e8
52,d2d4 g8f6 c2c4 c7c5 d4d5 e7e6 b1c3 e6d5 c4d5 d7d6 e2e4 g7g6 g1f3 f8g7 f1e2 e8g8 e1g1 f8e8 f3d2 b8a6
53,d2d4 g8f6 c2c4 c7c5 d4d5 e7e6 b1c3 e6d5 c4d5 d7d6 e2e4 g7g6 g1f3 f8g7 f1e2 e8g8 e1g1 f8e8 f3d2 b8a6 f2f3
54,d2d4 g8f6 c2c4 c7c5 d4d5 e7e6 b1c3 e6d5 c4d5 d7d6 e2e4 g7g6 g1f3 f8g7 f1e2 e8g8 e1g1 f8e8 f3d2
55,d2d4 g8f6 c2c4 c7c5 d4d5 e7e6 b1c3 e6d5 c4d5 d7d6 e2e4 g7g6 g1f3 f8g7 f1e2 e8g8 e1g1 a7a6 a2a4
56,d2d4 g8f6 c2c4 c7c5 d4d5 e7e6 b1c3 e6d5 c4d5 d7d6 e2e4 g7g6 g1f3
57,d2d4 g8f6 c2c4 c7c5 d4d5 e7e6 b1c3 e6d5 c4d5 d7d6 e2e4 g7g6 g1f3 f8g7 f1e2 e8g8 e1g1
58,d2d4 g8f6 c2c4 c7c5 d4d5 e7e6 b1c3 e6d5 c4d5 d7d6 e2e4 g7g6 g1f3 f8g7 h2h3
59,d2d4 g8f6 c2c4 c7c5 d4d5 e7e6 b1c3 e6d5 c4d5 d7d6 e2e4 g7g6 g1f3 f8g7 f1e2
60,d2d4 g8f6 c2c4 c7c5 d4d5 e7e5
61,d2d4 g8f6 c2c4 c7c5 d4d5 e7e6 b1c3 e6d5 c4d5 d7d6 g1f3 g7g6 g2g3 f8g7 f1g2 e8g8
62,d2d4 g8f6 c2c4 c7c5 d4d5 e7e6 b1c3 e6d5 c4d5 d7d6 g1f3 g7g6 g2g3 f8g7 f1g2 e8g8 e1g1 b8d7
63,d2d4 g8f6 c2c4 c7c5 d4d5 e7e6 b1c3 e6d5 c4d5 d7d6 g1f3 g7g6 g2g3 f8g7 f1g2 e8g8 e1g1 b8d7 f3d2 a7a6 a2a4 f8e8
64,d2d4 g8f6 c2c4 c7c5 d4d5 e7e6 b1c3 e6d5 c4d5 d7d6 e2e4 g7g6 f2f4 f8g7 g1f3 e8g8
65,d2d4 g8f6 c2c4 c7c5 d4d5 e7e6 b1c3 e6d5 c4d5 d7d6 e2e4 g7g6 f2f4 f8g7 g1f3 e8g8 f1e2 f8e8
66,d2d4 c7c5 d4d5 e7e6 e2e4
67,d2d4 c7c5
68,d2d4 g8f6 c2c4 c7c5 d4d5 d7d6
69,d2d4 g8f6 c2c4 c7c5 d4d5 e7e6 b1c3 e6d5 c4d5 d7d6 e2e4
70,d2d4 g8f6 c2c4 c7c5 d4d5 e7e5 b1c3 d7d6 e2e4 g7g6
71,d2d4 g8f6 c2c4 c7c5 d4d5 e7e6 b1c3 e6d5 c4d5 d7d6 g1f3 g7g6 f3d2
72,d2d4 g8f6 c2c4 c7c5 d4d5 e7e6 b1c3 e6d5 c4d5 d7d6 e2e4 g7g6 f2f4 f8g7 e4e5
73,d2d4 g8f6 c2c4 c7c5
74,d2d4 g8f6 c2c4 c7c5 d4d5 e7e6
75,d2d4 g8f6 c2c4 c7c5 d4d5 e7e6 b1c3 e6d5 c4d5 f8d6
76,d2d4 c7c5 d4d5 f7f5
77,d2d4 c7c5 d4d5 d7d6
78,d2d4 c7c5 d4d5 e7e5
79,d2d4 c7c5 d4d5 e7e5 e2e4 d7d6
80,d2d4 g8f6 c2c4 c7c5 d4d5 e7e6 b1c3 e6d5 c4d5 d7d6 e2e4 g7g6 f2f4
81,d2d4 g8f6 c2c4 c7c5 d4d5 e7e6 b1c3 e6d5 c4d5 d7d6 e2e4 g7g6 f2f4 f8g7 f1b5
82,d2d4 g8f6 c2c4 c7c5 d4d5 e7e6 b1c3 e6d5 c4d5 d7d6 g1f3 g7g6 c1g5
83,d2d4 c7c5 d4d5 g8f6 c2c4 f6e4
84,d2d4 g8f6 c2c4 c7c5 d4c5 e7e6
85,f2f4 d7d5
86,f2f4 e7e5
87,f2f4 e7e5 f4e5 d7d6 e5d6 f8d6 g1f3 g7g5
88,f2f4
89,f2f4 d7d5 g1f3 g8f6 e2e3 c7c5
90,e2e4 e7e5 f1c4 g8f6
91,e2e4 e7e5 f1c4 g8f6 b1c3 f6e4
92,e2e4 e7e5 b1c3 g8f6 f1c4 f6e4 g1f3
93,e2e4 e7e5 f1c4 f8c5
94,e2e4 e7e5 f1c4
95,e2e4 e7e5 f1c4 g8f6 d2d4
96,e2e4 e7e5 f1c4 g8f6 d2d4 e5d4 g1f3
97,e2e4 e7e5 f1c4 g8f6 d2d4 e5d4 g1f3 f6e4 d1d4
98,e2e4 e7e5 f1c4 g8f6 d2d3 b8c6 b1c3
99,e2e4 e7e5 f1c4 g8f6 d2d3 b8c6 b1c3 f8b4 g1e2
100,e2e4 e7e5 f1c4 g8f6 d2d3 f8c5 b1c3
101,d2d4 d7d5 e2e4 d5e4 b1c3 g8f6 f2f3 e4e3
102,d2d4 d7d5 e2e4 d5e4 b1c3 g8f6 f2f3 e4f3 g1f3 e7e6
103,d2d4 d7d5 e2e4 d5e4 b1c3 f7f5
104,d2d4 d7d5 e2e4 d5e4 b1c3 g8f6 f2f3 e4f3 g1f3 c8g4
105,d2d4 d7d5 e2e4 d5e4 b1c3 g8f6 f2f3 c8f5
106,d2d4 d7d5 e2e4 d5e4 b1c3 g8f6 c1g5
107,d2d4 g8f6 c2c4 e7e6 g1f3 c7c5 d4d5 b7b5 d5e6 f7e6 c4b5 d7d5
108,d2d4 g8f6 c2c4 e7e6 g1f3 c7c5 d4d5 b7b5 c1g5
109,d2d4 g8f6 c2c4 e7e6 g1f3 c7c5 d4d5 b7b5
110,d2d4 g8f6 c2c4 e7e6 g1f3 c7c5 d4d5 b7b5 c1g5 e6d5 c4d5 h7h6
111,d2d4 g8f6 c2c4 e7e6 g1f3 f8b4 c1d2 b4d2
112,d2d4 g8f6 c2c4 e7e6 g1f3 f8b4 b1d2
113,d2d4 g8f6 c2c4 e7e6 g1f3 f8b4 c1d2 d8e7
114,d2d4 g8f6 c2c4 e7e6 g1f3 f8b4 c1d2 b4e7
115,d2d4 g8f6 c2c4 e7e6 g1f3 f8b4 c1d2 c7c5
116,d2d4 g8f6 c2c4 e7e6 g1f3 f8b4 c1d2 a7a5
117,d2d4 g8f6 c2c4 e7e5 d4e5 f6g4 g1f3
118,d2d4 g8f6 c2c4 e7e5 d4e5 f6g4 e2e4
119,d2d4 g8f6 c2c4 e7e5 d4e5 f6g4 e2e4 g4e5 f2f4 e5c6
120,d2d4 g8f6 c2c4 e7e5 d4e5 f6e4
121,d2d4 g8f6 c2c4 e7e5 d4e5 f6g4
122,d2d4 g8f6 c2c4 e7e5 d4e5 f6g4 c1f4
123,e2e4 c7c6 c2c4
124,e2e4 c7c6 c2c4 d7d5
125,e2e4 c7c6 c2c4 d7d5 e4d5 c6d5 c4d5 g8f6
126,e2e4 c7c6 c2c4 e7e5
127,e2e4 c7c6 d2d4 d7d5 e4e5
128,e2e4 c7c6 d2d4 d7d5 e4e5 c8f5 g2g4
129,e2e4 c7c6 d2d4 d7d5 e4e5 c6c5
130,e2e4 c7c6 d2d4 d7d5 e4e5 c8f5 g1e2
131,e2e4 c7c6 d2d4 d7d5 e4e5 c8f5 g1f3
132,e2e4 c7c6 d2d4 d7d5 e4e5 c8f5 h2h4
133,e2e4 c7c6 d2d4 d7d5 e4e5 c8f5 b1c3
134,e2e4 c7c6 d2d4 d7d5 e4e5 c8f5 b1c3 e7e6 g2g4 f5g6 g1e2 c6c5 h2h4
135,e2e4 c7c6 d2d4 d7d5 e4e5 c8f5 b1c3 d8b6
136,e2e4 c7c6 d2d3
137,e2e4 c7c6 d2d4 d7d5 b1c3 d5e4 c3e4 g8f6 e4f6 g7f6
138,e2e4 c7c6 d2d4 d7d5 b1c3 d5e4 c3e4 c8f5
139,e2e4 c7c6 d2d4 d7d5 b1c3 d5e4 c3e4 c8f5 e4g3 f5g6 g1h3
140,e2e4 c7c6 d2d4 d7d5 b1c3 d5e4 c3e4 c8f5 e4g3 f5g6 h2h4 h7h6 g1f3 b8d7 h4h5 g6h7 f1d3 h7d3 d1d3 e7e6 c1d2 g8f6 e1c1 f8e7
141,e2e4 c7c6 d2d4 d7d5 b1c3 d5e4 c3e4 c8f5 e4g3 f5g6 h2h4
142,e2e4 c7c6 d2d4 d7d5 b1c3 d5e4 c3e4 c8f5 e4g3 f5g6 f2f4
143,e2e4 c7c6 d2d4 d7d5 b1c3 d5e4 c3e4 c8f5 e4g3 f5g6 h2h4 h7h6 g1f3 b8d7 h4h5 g6h7 f1d3 h7d3 d1d3
144,e2e4 c7c6 d2d4 b8a6
145,e2e4 c7c6 b2b3
146,e2e4 c7c6 d2d4 d7d5 e4d5 c6d5 f1d3 b8c6 c2c3 g8f6 c1f4
147,e2e4 c7c6 d2d4 d7d5 e4d5
148,e2e4 c7c6 d2d4 d7d5 b1c3 d5e4 c3e4 h7h6
149,e2e4 c7c6 d2d4 d7d5 b1c3 d5e4 c3e4 g8f6 e4f6 e7f6 f1c4
150,e2e4 c7c6
151,e2e4 c7c6 b1c3 d7d5 d1f3
152,e2e4 c7c6 d2d4 d7d5 b1c3 b7b5
153,e2e4 c7c6 d2d4 d7d5 b1c3 g7g6
154,e2e4 c7c6 f1c4
155,e2e4 c7c6 d2d4 d7d5 b1c3 d5e4 c3e4 b8d7
156,e2e4 c7c6 d2d4 d7d5 b1c3 d5e4 c3e4 b8d7 e4g5 g8f6 f1d3 e7e6 g1f3 f8d6 d1e2 h7h6 g5e4 f6e4 e2e4
157,e2e4 c7c6 d2d4 d7d5 b1c3 d5e4 c3e4 b8d7 e4g5
158,e2e4 c7c6 d2d4 d7d5 b1c3 d5e4 c3e4 b8d7 e4g5 d7f6
159,e2e4 c7c6 d2d4 d7d5 b1c3 d5e4 c3e4 b8d7 g1f3 g8f6 e4g3
160,e2e4 c7c6 d2d4 d7d5 b1c3 d5e4 c3e4 b8d7 f1c4 g8f6 e4g5 e7e6 d1e2 d7b6
161,e2e4 c7c6 d2d4 d7d5 b1c3 d5e4 c3e4 b8d7 f1c4 g8f6 e4g5 e7e6 d1e2 d7b6 c4b3
162,e2e4 c7c6 d2d4 d7d5 b1c3 d5e4 c3e4 b8d7 f1c4 g8f6 e4f6 d7f6
163,e2e4 c7c6 d2d4 d7d5 b1c3 d5e4 c3e4
164,e2e4 c7c6 d2d4 d7d5 f2f3
165,e2e4 c7c6 d2d4 d7d5 f2f3 d5e4 f3e4 e7e5 g1f3 e5d4 f1c4
166,e2e4 c7c6 d2d4 d7d5 b1d2
167,e2e4 c7c6 d2d4 d7d5 e4d5 c6d5 c2c4 g8f6 b1c3 e7e6
168,e2e4 c7c6 d2d4 d7d5 e4d5 c6d5 c2c4 g8f6 b1c3
169,e2e4 c7c6 d2d4 d7d5 e4d5 c6d5 c2c4
170,e2e4 c7c6 d2d4 d7d5 e4d5 c6d5 c2c4 g8f6 b1c3 g7g6
171,e2e4 c7c6 d2d4 d7d5 e4d5 c6d5 c2c4 g8f6 b1c3 g7g6 c4d5 f8g7
172,e2e4 c7c6 d2d4 d7d5 e4d5 c6d5 c2c4 g8f6 c4c5
173,e2e4 c7c6 d2d4 d7d5 e4d5 c6d5 c2c4 g8f6 b1c3 b8c6
174,e2e4 c7c6 d2d4 d7d5 e4d5 c6d5 c2c4 g8f6 b1c3 b8c6 c1g5 e7e6
175,e2e4 c7c6 d2d4 d7d5 e4d5 c6d5 c2c4 g8f6 b1c3 b8c6 c1g5 d8a5
176,e2e4 c7c6 d2d4 d7d5 e4d5 c6d5 c2c4 g8f6 b1c3 b8c6 g1f3 c8g4
177,e2e4 c7c6 d2d4 d7d5 b1c3 d5e4 f2f3
178,e2e4 c7c6 d2d4 d7d5 b1c3
179,e2e4 c7c6 d2d4 d7d5 b1c3 d5e4 c3e4 g8f6 e4f6 e7f6
180,e2e4 c7c6 b1c3 d7d5 g1f3
181,e2e4 c7c6 b1c3 d7d5 g1f3 c8g4
182,e2e4 c7c6 b1c3 d7d5 g1f3 c8g4 h2h3 g4f3
183,e2e4 c7c6 b1c3 d7d5 g1f3 c8g4 h2h3 g4h5
184,e2e4 c7c6 d2d4 d7d5 b1c3 d5e4 f1c4
185,d2d4 g8f6 c2c4 e7e6 g2g3 d7d5 f1g2 f8e7 g1f3
186,d2d4 g8f6 c2c4 e7e6 g2g3 d7d5 f1g2 f8e7 g1f3 e8g8 e1g1 b8d7 d1c2
187,d2d4 g8f6 c2c4 e7e6 g2g3 d7d5 f1g2 f8e7 g1f3 e8g8 e1g1 b8d7
188,d2d4 g8f6 c2c4 e7e6 g2g3 d7d5 f1g2
189,d2d4 g8f6 c2c4 e7e6 g2g3 d7d5 f1g2 f8e7 g1f3 e8g8 e1g1 b8d7 b1c3 c7c6 d1d3
190,d2d4 g8f6 c2c4 e7e6 g2g3 d7d5 f1g2 f8e7 g1f3 e8g8 e1g1 b8d7 d1c2 c7c6 b1d2 b7b5
191,d2d4 g8f6 c2c4 e7e6 g2g3 d7d5 f1g2 f8e7 g1f3 e8g8 e1g1 b8d7 d1c2 c7c6 b1d2 b7b6
192,d2d4 g8f6 c2c4 e7e6 g2g3
193,d2d4 g8f6 c2c4 e7e6 g2g3 d7d5 f1g2 d5c4 d1a4
194,d2d4 g8f6 c2c4 e7e6 g2g3 d7d5 f1g2 d5c4 g1f3
195,d2d4 g8f6 c2c4 e7e6 g2g3 d7d5 f1g2 d5c4 g1f3 f8e7
196,d2d4 g8f6 c2c4 e7e6 g2g3 d7d5 f1g2 d5c4 g1f3 b8c6 d1a4 f8b4
197,d2d4 g8f6 c2c4 e7e6 g2g3 d7d5 f1g2 c7c5 g1f3 b8c6
198,e2e4 e7e5 d2d4 e5d4
199,e2e4 e7e5 d2d4 e5d4 d1d4 b8c6 d4e3 g8f6
200,e2e4 e7e5 d2d4 e5d4 d1d4 b8c6
201,e2e4 e7e5 d2d4 e5d4 d1d4 b8c6 d4e3
202,h2h3
203,d2d4 d7d5 g1f3 g8f6 e2e3 e7e6
204,d2d4 d7d5 g1f3 g8f6 e2e3 e7e6 f1d3
205,d2d4 d7d5 g1f3 g8f6 e2e3 e7e6 f1d3 c7c5 c2c3
206,e2e4 d7d6 d2d4 g8f6 b1c3 c7c6
207,e2e4 e7e5 d2d4 e5d4 c2c3 d7d5
208,e2e4 e7e5 d2d4 e5d4 c2c3
209,d2d4 f7f5 c2c4 g8f6 g2g3 e7e6 f1g2 f8e7 g1f3 e8g8 e1g1 f6e4
210,d2d4 f7f5 g2g3 g8f6 f1g2 e7e6 g1h3
211,d2d4 f7f5 e2e4 f5e4 b1c3 g8f6 f2f3
212,d2d4 f7f5 c2c4 e7e6
213,d2d4 f7f5 c2c4 g8f6 g2g3 e7e6 f1g2
214,d2d4 f7f5 c2c4 g8f6 g2g3 e7e6 f1g2 f8e7
215,d2d4 f7f5 c2c4 g8f6 g2g3 e7e6 f1g2 f8e7 g1f3 e8g8
216,d2d4 f7f5 c2c4 g8f6 g2g3 e7e6 f1g2 f8e7 g1h3
217,d2d4 f7f5 c2c4 g8f6 g2g3 e7e6 f1g2 f8e7 g1f3 e8g8 e1g1 d7d6 b1c3 a7a5
218,d2d4 f7f5 c2c4 g8f6 g2g3 e7e6 f1g2 f8e7 g1f3 e8g8 e1g1 d7d6
219,d2d4 f7f5 c2c4 g8f6 g2g3 e7e6 f1g2 f8e7 g1f3 e8g8 e1g1 d7d6 b1c3 f6e4
220,d2d4 f7f5 c2c4 g8f6 g2g3 e7e6 f1g2 f8e7 g1f3 e8g8 e1g1 d7d6 b1c3 d8e8 d1c2
221,d2d4 f7f5 c2c4 g8f6 g2g3 e7e6 f1g2 f8e7 g1f3 e8g8 e1g1 d7d6 b1c3 d8e8
222,d2d4 f7f5 c2c4 g8f6 g2g3 e7e6 f1g2 f8e7 g1f3 e8g8 e1g1 d7d6 b1c3 d8e8 b2b3
223,d2d4 f7f5 c2c4 g8f6 g2g3 e7e6 f1g2 f8e7 g1f3 e8g8 e1g1 d7d5 b1c3 c7c6
224,d2d4 f7f5 c2c4 g8f6 g2g3 e7e6 f1g2 f8e7 g1f3 e8g8 e1g1 d7d5 b2b3 c7c6 c1a3
225,d2d4 f7f5 c2c4 g8f6 g2g3 e7e6 f1g2 f8e7 g1f3 e8g8 e1g1 d7d5 b2b3
226,d2d4 f7f5 g2g3
227,d2d4 f7f5 c2c4 g8f6 g2g3
228,d2d4 f7f5
229,d2d4 f7f5 c1g5
230,d2d4 f7f5 h2h3 g8f6 g2g4
231,d2d4 f7f5 d1d3
232,d2d4 f7f5 h2h3
233,d2d4 f7f5 g2g4
234,d2d4 f7f5 c2c4 g8f6 g2g3 g7g6
235,d2d4 f7f5 c2c4 g8f6 g2g3 g7g6 f1g2 f8g7 g1f3
236,d2d4 f7f5 c2c4 g8f6 g2g3 g7g6 f1g2 f8g7 g1f3 e8g8 e1g1 d7d6 b1c3 b8c6
237,d2d4 f7f5 c2c4 g8f6 g2g3 g7g6 f1g2 f8g7 g1f3 e8g8 e1g1 d7d6 b1c3 c7c6
238,d2d4 f7f5 c2c4 g8f6 g2g3 e7e6 f1g2 d7d5 g1f3 c7c6 e1g1 f8d6
239,d2d4 f7f5 c2c4 g8f6 g2g3 e7e6 f1g2 f8b4
240,d2d4 f7f5 c2c4 g8f6 g2g3 e7e6 f1g2 f8b4 c1d2 b4e7
241,d2d4 f7f5 c2c4 g8f6
242,d2d4 f7f5 c2c4 g8f6 b1c3
243,d2d4 f7f5 b1c3
244,d2d4 f7f5 c2c4 e7e6 b1c3
245,d2d4 f7f5 g2g3 g8f6 f1g2 g7g6
246,d2d4 f7f5 e2e4 f5e4
247,d2d4 f7f5 e2e4 f5e4 b1c3 g8f6 c1g5 c7c6
248,d2d4 f7f5 e2e4 f5e4 b1c3 g8f6 c1g5
249,d2d4 f7f5 e2e4 f5e4 b1c3 g8f6 c1g5 g7g6 f2f3
250,d2d4 f7f5 c2c4 g8f6 g2g3 e7e6 f1g2 f8e7 g1f3 e8g8 e1g1 d7d5
251,d2d4 f7f5 c2c4 e7e6 g1f3 g8f6 g2g3 c7c6 f1g2 d7d5 e1g1 f8d6
252,e2e4 e7e5 g1f3 d7d5
253,e2e4 e7e5 g1f3 d7d5 e4d5 f8d6
254,e2e4 e7e5 g1f3 d7d5 e4d5 e5e4
255,d2d4 e7e6 c2c4 b7b6
256,c2c4 e7e6 d2d4 b7b6 e2e4 c8b7 f1d3 b8c6
257,c2c4 g7g6 e2e4 e7e5
258,c2c4 e7e6
259,c2c4 e7e6 g1f3 d7d5 g2g3
260,c2c4 e7e6 g1f3 d7d5 g2g3 g8f6 f1g2 f8d6
261,c2c4 e7e6 g1f3 d7d5 g2g3 g8f6 f1g2 d5c4
262,c2c4 e7e6 g1f3 d7d5 g2g3 g8f6 f1g2 c7c6
263,c2c4 e7e6 g1f3 d7d5 g2g3 g8f6 f1g2 f8e7 e1g1 c7c5 c4d5 f6d5 b1c3 b8c6
264,c2c4 e7e6 g1f3 d7d5
265,c2c4 e7e6 g1f3 d7d5 g2g3 c7c6
266,c2c4 e7e6 g1f3 d7d5 g2g3 g8f6 f1g2 f8e7 e1g1
267,c2c4 e7e6 g1f3 d7d5 g2g3 g8f6 f1g2 c7c5 b2b3 b8c6 e1g1 f8e7
268,c2c4 e7e6 g1f3 d7d5 b2b3 g8f6 c1b2 c7c5 e2e3
269,c2c4 f7f5
270,c2c4 g8f6 b1c3 d7d5 c4d5 f6d5 g2g3 g7g6 f1g2 d5c3
271,c2c4 g8f6 b1c3 d7d5 c4d5 f6d5 g2g3 g7g6 f1g2 d5b6
272,c2c4 g8f6 b1c3 d7d5 c4d5 f6d5 g1f3
273,c2c4 g8f6 b1c3 g7g6 g1f3 f8g7 e2e4
274,c2c4 g8f6 b1c3 e7e6 e2e4 d7d5 e4e5
275,c2c4 g8f6 b1c3 e7e6 e2e4
276,c2c4 g8f6 b1c3 e7e6 e2e4 b8c6
277,c2c4 g8f6 b1c3 e7e6 e2e4 c7c5
278,c2c4 g8f6 b1c3 e7e6 e2e4 c7c5 e4e5 f6g8
279,c2c4 g8f6 b1c3 e7e6
280,c2c4 g8f6 g1f3 g7g6
281,c2c4 g8f6 g1f3 g7g6 g2g3 b7b6 f1g2 c8b7
282,c2c4 g8f6 g1f3
283,c2c4 g8f6
284,c2c4 g8f6 b1c3 e7e6 g1f3 f8b4
285,c2c4 g8f6 g1f3 d7d6
286,c2c4 g8f6 g1f3 e7e6 g2g3 b7b6 f1g2 c8b7
287,c2c4 g8f6 g1f3 b7b6
288,c2c4 g8f6 b1c3
289,c2c4 g8f6 b1c3 e7e6 g1f3 b7b6
290,c2c4 g8f6 b1c3 e7e6 g1f3 b7b6 e2e4 c8b7 f1d3
291,c2c4 g8f6 g1f3 e7e6 g2g3 a7a6 f1g2 b7b5
292,c2c4 g8f6 g1f3 e7e6 g2g3 a7a6
293,c2c4 g8f6 g1f3 d7d5 c4d5 f6d5
294,c2c4 g8f6 g1f3 d7d5
295,c2c4 g8f6 g1f3 g7g6 g2g3 c7c6
296,c2c4 g8f6 b1c3 e7e6 g1f3 f8b4 g2g4
297,c2c4 b8c6
298,c2c4 d7d5
299,c2c4 c7c6
300,c2c4 e7e5 g2g3 h7h5
301,c2c4 e7e6 d2d4 b7b6
302,c2c4
303,c2c4 g8f6 b1c3 d7d5
304,c2c4 g7g6
305,c2c4 e7e5 b1c3 g8f6 g1f3 e5e4 f3g5 b7b5
306,c2c4 e7e5 b1c3 b8c6 g2g3 g7g6 f1g2 f8g7 d2d3 d7d6 e2e4
307,c2c4 e7e5 b1c3 g8f6 g2g3 g7g6 f1g2 f8g7 d2d3 d7d6 e2e4 e8g8 g1e2 c7c6 e1g1 a7a6
308,c2c4 e7e5 b1c3 b8c6 g2g3 g7g6 f1g2 f8g7 e2e3 d7d6 g1e2 c8e6
309,c2c4 e7e5 b1c3 b8c6 g2g3 g7g6 f1g2 f8g7 d2d3
310,c2c4 e7e5 b1c3 b8c6 g2g3 g7g6 f1g2 f8g7 d2d3 d7d6
311,c2c4 e7e5 b1c3 b8c6 g1f3 g8f6 d2d4 e5d4 f3d4 f8b4 c1g5 h7h6 g5h4 b4c3 b2c3 c6e5
312,c2c4 e7e5 b1c3 b8c6 g1f3 g8f6 e2e4
313,c2c4 e7e5 b1c3 b8c6 g1f3 g8f6 d2d4 e5e4
314,c2c4 e7e5 b1c3 b8c6 g1f3 g8f6 g2g3
315,c2c4 e7e5 b1c3 b8c6 g1f3 g8f6 d2d3
316,c2c4 e7e5 b1c3 b8c6 g1f3 g8f6
317,c2c4 e7e5 b1c3 b8c6 g1f3 g8f6 a2a3
318,c2c4 e7e5 b1c3 b8c6 g1f3 g8f6 e2e3 f8b4 d1c2 b4c3
319,c2c4 e7e5 b1c3 b8c6 g1f3 g8f6 e2e3 f8b4 d1c2 e8g8 c3d5 f8e8 c2f5
320,c2c4 e7e5 b1c3 b8c6 g1f3 g8f6 e2e3
321,c2c4 e7e5 b1c3 d7d6 g1f3
322,c2c4 e7e5
323,c2c4 e7e5 b1c3 b8c6 g2g3 g7g6 f1g2 f8g7 a1b1
324,c2c4 e7e5 b1c3 f8b4
325,c2c4 e7e5 g1f3
326,c2c4 e7e5 g1f3 e5e4
327,c2c4 e7e5 b1c3 b8c6
328,c2c4 e7e5 b1c3
329,c2c4 e7e5 b1c3 b8c6 g2g3 g7g6 f1g2 f8g7
330,c2c4 e7e5 b1c3 b8c6 g1f3
331,c2c4 e7e5 b1c3 d7d6 g2g3 c8e6 f1g2 b8c6
332,c2c4 e7e5 b1c3 g8f6 g2g3
333,c2c4 e7e5 b1c3 g8f6 g2g3 g7g6
334,c2c4 e7e5 b1c3 g8f6
335,c2c4 e7e5 b1c3 g8f6 g2g3 c7c6
336,c2c4 e7e5 b1c3 g8f6 g2g3 d7d5
337,c2c4 e7e5 b1c3 g8f6 g2g3 f8b4
338,c2c4 c7c5 g1f3 g8f6 d2d4
339,c2c4 c7c5 g1f3 g8f6 d2d4 c5d4 f3d4 e7e6 b1c3 b8c6 g2g3 d8b6
340,c2c4 c7c5 g1f3 g8f6 d2d4 c5d4 f3d4 e7e6
341,c2c4 c7c5 g1f3 g8f6 d2d4 c5d4 f3d4 e7e6 b1c3 b8c6
342,c2c4 c7c5 b1c3 b8c6 g2g3 g7g6 f1g2 f8g7 e2e3 e7e5
343,c2c4 c7c5 b1c3 b8c6 g2g3 g7g6 f1g2 f8g7 g1f3 e7e5
344,c2c4 c7c5 b1c3 b8c6 g2g3 g7g6 f1g2 f8g7 e2e4
345,c2c4 c7c5 b1c3 b8c6 g2g3 g7g6 f1g2 f8g7 g1f3 g8f6 e1g1 e8g8 d2d3
346,c2c4 c7c5 b1c3 g8f6 g2g3
347,c2c4 c7c5 b1c3 b8c6 g2g3
348,c2c4 c7c5 b1c3 b8c6 g1f3 g8f6
349,c2c4 c7c5 b1c3 b8c6 g2g3 g7g6 f1g2 f8g7 g1f3 g8f6
350,c2c4 c7c5
351,c2c4 c7c5 g1f3 g8f6 g2g3 b7b6 f1g2 c8b7 e1g1 e7e6 b1c3 f8e7
352,c2c4 c7c5 b1c3 b8c6 g2g3 g7g6 f1g2 f8g7 g1f3 g8f6 e1g1 e8g8 d2d4
353,c2c4 c7c5 b1c3
354,c2c4 c7c5 b1c3 g8f6 g2g3 d7d5 c4d5 f6d5 f1g2 d5c7
355,c2c4 c7c5 b1c3 b8c6 g2g3 g7g6 f1g2 f8g7
356,c2c4 c7c5 b1c3 g8f6 g1f3 d7d5 c4d5 f6d5
357,c2c4 c7c5 b1c3 b8c6 g2g3 g7g6 f1g2 f8g7 g1f3
358,c2c4 c7c5 b1c3 b8c6
359,e2e4 e7e5 c2c4
360,d2d4 e7e5 d4e5 b8c6 g1f3 d8e7
361,d2d4 e7e5
362,d2d4 e7e5 e2e3
363,e2e4 e7e5 g1f3 b8c6 b1c3 g8f6 f1b5 f8b4
364,e2e4 e7e5 g1f3 b8c6 b1c3 g8f6
365,e2e4 e7e5 g1f3 b8c6 b1c3 g8f6 a2a3
366,e2e4 e7e5 g1f3 b8c6 f1c4 f8c5 b1c3 g8f6
367,e2e4 e7e5 g1f3 b8c6 b1c3 g8f6 f1c4
368,e2e4 e7e5 g1f3 b8c6 b1c3 g8f6 f1c4 f6e4 c4f7
369,e2e4 e7e5 g1f3 b8c6 b1c3 g8f6 f1b5 f8b4 e1g1 e8g8 d2d3 b4c3 b2c3 d7d6 f1e1
370,e2e4 e7e5 g1f3 b8c6 b1c3 g8f6 f1b5 f8b4 e1g1 e8g8 b5c6
371,e2e4 e7e5 g1f3 b8c6 b1c3 g8f6 f1b5 a7a6 b5c6
372,e2e4 e7e5 g1f3 b8c6 b1c3 g8f6 d2d4
373,e2e4 e7e5 g1f3 b8c6 b1c3 g8f6 d2d4 e5d4
374,e2e4 e7e5 g1f3 b8c6 b1c3 g8f6 d2d4 e5d4 c3d5
375,e2e4 e7e5 g1f3 b8c6 b1c3 g8f6 d2d4 f8b4 f3e5
376,e2e4 e7e5 g1f3 b8c6 b1c3 g8f6 d2d4 f8b4 f3e5 d8e7
377,e2e4 e7e5 g1f3 b8c6 b1c3 g8f6 f1b5
378,e2e4 e7e5 g1f3 b8c6 b1c3 g8f6 f1b5 f8b4 e1g1 e8g8 d2d3 b4c3
379,e2e4 e7e5 g1f3 b8c6 b1c3 g8f6 f1b5 f8c5
380,e2e4 e7e5 g1f3 b8c6 b1c3 g8f6 f1b5 f8c5 f3e5 c6d4 b5a4 e8g8
381,e2e4 e7e5 g1f3 b8c6 b1c3 g8f6 f1b5 c6d4
382,e2e4 e7e5 g1f3 b8c6 b1c3 g8f6 f1b5 c6d4 f3d4
383,e2e4 e7e5 g1f3 b8c6 b1c3 g8f6 f1b5 f8b4 e1g1 e8g8 d2d3 d7d6 c1g5 b4c3 b2c3 d8e7 f1e1 c6d8 d3d4 c8g4
384,e2e4 e7e5 g1f3 b8c6 b1c3 g8f6 f1b5 f8b4 e1g1 e8g8 d2d3 d7d6 c1g5 c6e7
385,e2e4 e7e5 g1f3 b8c6 b1c3 g8f6 f1b5 f8b4 e1g1 e8g8 d2d3 d7d6
386,e2e4 e7e5 g1f3 b8c6 b1c3 g8f6 f1b5 f8b4 e1g1 e8g8 d2d3 d7d6 c3e2
387,e2e4 e7e6 d2d4 d7d5 e4e5 c7c5 c2c3 b8c6
388,e2e4 e7e6 d2d4 d7d5 e4e5 c7c5 c2c3
389,e2e4 e7e6 d2d4 d7d5 e4e5
390,e2e4 e7e6 d2d4 d7d5 e4e5 c7c5 c2c3 b8c6 g1f3 c8d7
391,e2e4 e7e6 d2d4 d7d5 e4e5 c8d7
392,e2e4 e7e6 d2d4 d7d5 e4e5 c7c5 c2c3 b8c6 g1f3 d8b6 a2a3 g8h6
393,e2e4 e7e6 d2d4 d7d5 e4e5 c7c5 c2c3 b8c6 g1f3 d8b6 a2a3
394,e2e4 e7e6 d2d4 d7d5 e4e5 c7c5 c2c3 b8c6 g1f3 d8b6 f1d3
395,e2e4 e7e6 d2d4 d7d5 e4e5 c7c5 d1g4
396,e2e4 e7e6 d2d4 d7d5 e4e5 c7c5 d1g4 c5d4 g1f3
397,e2e4 e7e6 d2d4 d7d5 e4e5 c7c5 g1f3
398,e2e4 e7e6 d2d4 d7d5 e4e5 c7c5 c2c3 b8c6 g1f3
399,e2e4 e7e6 d2d4 d7d5 e4e5 c7c5 g1f3 c5d4 f1d3
400,e2e4 e7e6 d2d4 d7d5 e4e5 c7c5 c2c3 d8b6 g1f3 c8d7
401,e2e4 e7e6 d2d4 d7d5 c1e3
402,e2e4 e7e6 d2d4 d7d5 b1c3 g8f6 c1g5 f8e7 e4e5 f6d7 h2h4
403,e2e4 e7e6 d2d4 d7d5 b1c3 g8f6 c1g5 f8e7 e4e5 f6d7 h2h4 e7g5 h4g5 d8g5
404,e2e4 e7e6 d2d4 d7d5 b1c3 g8f6 c1g5 f8e7 e4e5 f6d7 h2h4 c7c5
405,e2e4 e7e6 d2d4 d7d5 b1c3 g8f6 c1g5 f8e7 e4e5 f6d7 h2h4 a7a6
406,e2e4 e7e6 d2d4 d7d5 b1c3 g8f6 c1g5 f8e7 e4e5 f6d7 h2h4 e8g8
407,e2e4 e7e6 d1e2
408,e2e4 e7e6 d2d4 d7d5 b1c3 g8f6 c1g5 f8e7 e4e5 f6d7 g5e7 d8e7 c3b5
409,e2e4 e7e6 d2d4 d7d5 b1c3 g8f6 c1g5 d5e4
410,e2e4 e7e6 d2d4 d7d5 b1c3 g8f6 c1g5 d5e4 c3e4 f8e7 g5f6 e7f6 g1f3 e8g8
411,e2e4 e7e6 d2d4 d7d5 b1c3 g8f6 c1g5 d5e4 c3e4 f8e7 g5f6 g7f6
412,e2e4 e7e6 d2d4 d7d5 b1c3 g8f6 e4d5
413,e2e4 e7e6 d2d4 d7d5 b1c3 g8f6 c1g5 f8e7 e4e5 f6d7 g5e7 d8e7
414,e2e4 e7e6 d2d4 d7d5 b1c3 g8f6 c1g5 f8e7
415,e2e4 e7e6 d2d4 d7d5 b1c3 g8f6 c1g5 f8e7 e4e5 f6d7 g5e7 d8e7 d1g4
416,e2e4 e7e6 d2d4 d7d5 b1c3 g8f6 c1g5 f8e7 g5f6 e7f6 e4e5 f6e7 d1g4
417,e2e4 e7e6 d2d4 d7d5 b1c3 g8f6 c1g5 f8e7 g5f6
418,e2e4 e7e6 d2d4 d7d5 b1c3 g8f6 c1g5 f8e7 e4e5 f6d7 g5e7 d8e7 d1d2
419,e2e4 e7e6 d2d4 d7d5 b1c3 g8f6 e4e5
420,e2e4 e7e6 d2d4 d7d5 b1c3 g8f6 c1g5 f8e7 e4e5 f6d7 g5e7 d8e7 f2f4
421,e2e4 e7e6 d2d4 d7d5 b1c3 g8f6 f1d3
422,e2e4 e7e6 d2d4 d7d5 b1c3 g8f6 c1g5 f8e7 e4e5 f6e4
423,e2e4 e7e6 d2d4 d7d5 e4d5
424,e2e4 e7e6 d2d4 d7d5 e4d5 e6d5 c2c4
425,e2e4 e7e6 d2d4 d7d5 e4d5 e6d5 b1c3 g8f6 c1g5
426,e2e4 e7e6
427,e2e4 e7e6 b2b3
428,e2e4 e7e6 b2b3 d7d5 c1b2
429,e2e4 e7e6 d2d3
430,e2e4 e7e6 g1f3
431,e2e4 e7e6 f2f4
432,e2e4 e7e6 d2d4 d7d5 b1c3 g8f6 c1g5 f8b4
433,e2e4 e7e6 d2d4 d7d5 b1c3 g8f6 c1g5 f8b4 e4e5 h7h6 g5h4
434,e2e4 e7e6 d2d4 d7d5 b1c3 g8f6 c1g5 f8b4 e4e5 h7h6 e5f6
435,e2e4 e7e6 d2d4 d7d5 b1c3 g8f6 c1g5 f8b4 e4e5 h7h6 g5c1
436,e2e4 e7e6 d2d4 d7d5 b1c3 g8f6 c1g5 f8b4 e4d5
437,e2e4 e7e6 d2d4 d7d5 b1c3 g8f6 c1g5 f8b4 e4e5 h7h6 g5e3
438,e2e4 e7e6 d2d4 d7d5 b1c3 g8f6 c1g5 f8b4 e4e5 h7h6 g5d2 b4c3
439,e2e4 e7e6 d2d4 d7d5 b1c3 g8f6 c1g5 f8b4 e4e5 h7h6 g5d2 b4c3 b2c3 f6e4 d1g4 g7g6
440,e2e4 e7e6 d2d4 d7d5 b1c3 g8f6 c1g5 f8b4 g1e2
441,e2e4 e7e6 d2d4 g8f6
442,e2e4 e7e6 d2d4
443,e2e4 e7e6 d2d4 d7d5 b1c3
444,e2e4 e7e6 b1c3 d7d5 f2f4
445,e2e4 e7e6 b1c3
446,e2e4 e7e6 g2g3
447,e2e4 e7e6 d2d3 d7d5 b1d2 g8f6 g1f3 b8c6 f1e2
448,e2e4 e7e6 d2d4 d7d5 b1c3 d5e4
449,e2e4 e7e6 d2d4 d7d5 b1c3 d5e4 c3e4 b8d7
450,e2e4 e7e6 d2d4 d7d5 b1c3 d5e4 c3e4 c8d7 g1f3 d7c6
451,e2e4 e7e6 d2d4 d7d5 b1c3 d5e4 c3e4 d8d5
452,e2e4 e7e6 d2d4 d7d5 f1d3
453,e2e4 e7e6 e4e5
454,e2e4 e7e6 d2d4 d7d5 b1c3 g8f6 e4e5 f6d7 f2f4 c7c5 g1f3
455,e2e4 e7e6 d2d4 d7d5 b1c3 g8f6 e4e5 f6d7 f2f4 c7c5 g1f3 b8c6 c1e3
456,e2e4 e7e6 d2d4 d7d5 b1d2
457,e2e4 e7e6 d2d4 d7d5 b1d2 g8f6 e4e5 f6d7 f1d3 c7c5 c2c3 b7b6
458,e2e4 e7e6 d2d4 d7d5 b1d2 c7c5 e4d5 d8d5
459,e2e4 e7e6 d2d4 d7d5 b1d2 c7c5 e4d5 d8d5 g1f3 c5d4 f1c4 d5d6 e1g1 g8f6 d2b3 b8c6 b3d4 c6d4 f3d4 a7a6
460,e2e4 e7e6 d2d4 d7d5 b1d2 g8f6
461,e2e4 e7e6 d2d4 d7d5 b1d2 g8f6 e4e5 f6d7 f1d3 c7c5 c2c3 b8c6
462,e2e4 e7e6 d2d4 d7d5 b1d2 g8f6 e4e5 f6d7 f1d3 c7c5 c2c3 b8c6 g1e2 c5d4 c3d4
463,e2e4 e7e6 d2d4 d7d5 b1d2 b8c6
464,e2e4 e7e6 d2d4 d7d5 b1d2 b8c6 g1f3 g8f6
465,e2e4 e7e6 d2d4 d7d5 b1d2 f7f5
466,e2e4 e7e6 d2d4 d7d5 b1d2 g8f6 e4e5 f6d7 f1d3 c7c5 c2c3 b8c6 g1e2 c5d4 c3d4 d7b6
467,e2e4 e7e6 d2d4 d7d5 b1d2 a7a6
468,e2e4 e7e6 d2d4 d7d5 b1d2 f8e7
469,e2e4 e7e6 d2d4 d7d5 b1d2 c7c5
470,e2e4 e7e6 d2d4 d7d5 b1d2 c7c5 e4d5 e6d5 g1f3 c5c4
471,e2e4 e7e6 d2d4 d7d5 b1d2 c7c5 g1f3
472,e2e4 e7e6 d2d4 d7d5 b1d2 c7c5 e4d5 e6d5 g1f3 b8c6
473,e2e4 e7e6 d2d4 d7d5 b1d2 c7c5 c2c3
474,e2e4 e7e6 d2d4 d7d5 b1d2 g8f6 e4e5 f6d7 f2f4
475,e2e4 e7e6 b1c3 d7d5 g1f3
476,e2e4 e7e6 d2d4 d7d5 b1c3 f8b4
477,e2e4 e7e6 d2d4 d7d5 b1c3 f8b4 e4e5 c7c5 a2a3
478,e2e4 e7e6 d2d4 d7d5 b1c3 f8b4 e4e5 c7c5
479,e2e4 e7e6 d2d4 d7d5 b1c3 f8b4 e4e5 c7c5 a2a3 b4c3 b2c3 g8e7
480,e2e4 e7e6 d2d4 d7d5 b1c3 f8b4 e4e5 c7c5 a2a3 b4c3 b2c3
481,e2e4 e7e6 d2d4 d7d5 b1c3 f8b4 e4e5 c7c5 a2a3 b4c3 b2c3 g8e7 a3a4
482,e2e4 e7e6 d2d4 d7d5 b1c3 f8b4 e4e5
483,e2e4 e7e6 d2d4 d7d5 b1c3 f8b4 e4e5 c7c5 d1g4
484,e2e4 e7e6 d2d4 d7d5 b1c3 f8b4 g1e2 d5e4 a2a3 b4c3
485,e2e4 e7e6 d2d4 d7d5 b1c3 f8b4 g1e2 d5e4 a2a3 b4c3 e2c3 b8c6
486,e2e4 e7e6 d2d4 d7d5 b1c3 f8b4 g1e2
487,e2e4 e7e6 d2d4 d7d5 b1c3 f8b4 e4e5 c7c5 c1d2
488,e2e4 e7e6 d2d4 d7d5 b1c3 f8b4 e4e5 c7c5 c1d2 g8e7 f2f4
489,e2e4 e7e6 d2d4 d7d5 b1c3 f8b4 e4e5 c7c5 a2a3 b4c3 b2c3 d8c7
490,e2e4 e7e6 d2d4 d7d5 b1c3 f8b4 e4d5
491,e2e4 e7e6 d2d4 d7d5 b1c3 f8b4 e4d5 e6d5 f1d3 g8e7 d1h5
492,e2e4 e7e6 d2d4 d7d5 b1c3 f8b4 c1d2
493,e2e4 e7e6 d2d4 d7d5 b1c3 f8b4 c1d2 d5e4 d1g4 d8d4
494,e2e4 e7e6 d2d4 d7d5 b1c3 f8b4 c1d2 d5e4 d1g4 g8f6 g4g7 h8g8 g7h6
495,e2e4 e7e6 d2d4 d7d5 b1c3 f8b4 e4e5 c7c5 a2a3 c5d4 a3b4 d4c3
496,e2e4 e7e6 d2d4 d7d5 b1c3 f8b4 e4e5 d8d7
497,e2e4 e7e6 d2d4 d7d5 b1c3 f8b4 e4e5 c7c5 a2a3 b4c3 b2c3 g8e7 d1g4
498,e2e4 e7e6 d2d4 d7d5 b1c3 f8b4 e4e5 c7c5 a2a3 b4c3 b2c3 g8e7 d1g4 d8c7 g4g7 h8g8 g7h7 c5d4 g1e2
499,e2e4 e7e6 d2d4 d7d5 b1c3 f8b4 e4e5 c7c5 a2a3 b4c3 b2c3 g8e7 d1g4 d8c7 g4g7 h8g8 g7h7 c5d4 e1d1
500,e2e4 e7e6 d2d4 d7d5 b1c3 f8b4 e4e5 c7c5 a2a3 b4c3 b2c3 g8e7 g1f3
501,e2e4 e7e6 d2d4 d7d5 b1c3 f8b4 e4e5 c7c5 a2a3 b4a5 b2b4 c5d4
502,e2e4 e7e6 d2d4 d7d5 b1c3 f8b4 e4e5 c7c5 a2a3 b4a5
503,e2e4 e7e6 d2d4 d7d5 b1c3 f8b4 a2a3
504,e2e4 e7e6 g1f3 d7d5 e4e5 c7c5 b2b4
505,g2g4
506,g2g4 d7d5 f1g2 c7c6
507,g2g4 d7d5 f1g2 c8g4 c2c4
508,g2g4 d7d5 h2h3 e7e5 f1g2 c7c6
509,d2d4 g8f6 c2c4 g7g6 b1c3 d7d5 g1f3 f8g7 e2e3 e8g8 d1b3 e7e6
510,d2d4 g8f6 c2c4 g7g6 b1c3 d7d5 c1f4
511,d2d4 g8f6 c2c4 g7g6 b1c3 d7d5 c1f4 f8g7 e2e3 e8g8
512,d2d4 g8f6 c2c4 g7g6 b1c3 d7d5 c1f4 f8g7 e2e3 e8g8 c4d5 f6d5 c3d5 d8d5 f4c7
513,d2d4 g8f6 c2c4 g7g6 b1c3 d7d5 c1f4 f8g7 e2e3 e8g8 a1c1 c7c5 d4c5 c8e6
514,d2d4 g8f6 c2c4 g7g6 b1c3 d7d5 c1f4 f8g7 e2e3 e8g8 a1c1
515,d2d4 g8f6 c2c4 g7g6 b1c3 d7d5 c1f4 f8g7 e2e3 e8g8 a1c1 c7c5 d4c5 d8a5
516,d2d4 g8f6 c2c4 g7g6 b1c3 d7d5 c4d5 f6d5
517,d2d4 g8f6 c2c4 g7g6 b1c3 d7d5 c4d5 f6d5 e2e4 d5c3 b2c3 f8g7 f1c4
518,d2d4 g8f6 c2c4 g7g6 b1c3 d7d5 c4d5 f6d5 e2e4 d5c3 b2c3 f8g7 g1f3
519,d2d4 g8f6 c2c4 g7g6 b1c3 d7d5 c4d5 f6d5 e2e4 d5c3 b2c3 f8g7 g1f3 c7c5 h2h3
520,d2d4 g8f6 c2c4 g7g6 b1c3 d7d5 c4d5 f6d5 e2e4 d5c3 b2c3 f8g7 g1f3 c7c5 a1b1 e8g8 f1e2 b8c6 d4d5 g7c3
521,d2d4 g8f6 c2c4 g7g6 b1c3 d7d5 c4d5 f6d5 c3a4
522,d2d4 g8f6 c2c4 g7g6 b1c3 d7d5 c4d5 f6d5 e2e4 d5c3 b2c3 f8g7 f1c4 e8g8 g1e2 c7c5 e1g1 b8c6 c1e3 c8g4 f2f3 c6a5 c4f7
523,d2d4 g8f6 c2c4 g7g6 b1c3 d7d5 c4d5 f6d5 e2e4 d5c3 b2c3 f8g7 f1c4 e8g8 g1e2 b8c6
524,d2d4 g8f6 c2c4 g7g6 b1c3 d7d5 c4d5 f6d5 e2e4 d5c3 b2c3 f8g7 f1c4 e8g8 g1e2 c7c5 e1g1 b8c6 c1e3 c5d4 c3d4 c8g4 f2f3 c6a5 c4d3 g4e6 d4d5
525,d2d4 g8f6 c2c4 g7g6 b1c3 d7d5 c4d5 f6d5 e2e4 d5c3 b2c3 f8g7 f1c4 e8g8 g1e2 c7c5 e1g1 b8c6 c1e3 c5d4 c3d4
526,d2d4 g8f6 c2c4 g7g6 b1c3 d7d5 c4d5 f6d5 e2e4 d5c3 b2c3 f8g7 f1c4 e8g8 g1e2 c7c5
527,d2d4 g8f6 c2c4 g7g6 b1c3 d7d5 c4d5 f6d5 e2e4 d5c3 b2c3 f8g7 f1c4 e8g8 g1e2 c7c5 e1g1 b8c6 c1e3 c5d4 c3d4 c8g4 f2f3 c6a5 c4d3 g4e6
528,d2d4 g8f6 c2c4 g7g6 b1c3 d7d5 g1f3 f8g7 e2e3 e8g8 f1d3 c7c6 e1g1 c8f5
529,d2d4 g8f6 c2c4 g7g6 b1c3 d7d5 g1f3 f8g7 d1a4
530,d2d4 g8f6 c2c4 g7g6 b1c3 d7d5
531,d2d4 g8f6 c2c4 g7g6 b1c3 d7d5 f2f3
532,d2d4 g8f6 c2c4 g7g6 b1c3 d7d5 g1f3 f8g7 e2e3 e8g8 b2b4
533,d2d4 g8f6 c2c4 g7g6 b1c3 d7d5 g1f3 f8g7 e2e3 e8g8 c1d2
534,d2d4 g8f6 c2c4 g7g6 b1c3 d7d5 g1f3 f8g7 d1b3
535,d2d4 g8f6 c2c4 g7g6 b1c3 d7d5 d1b3
536,d2d4 g8f6 c2c4 g7g6 b1c3 d7d5 g1f3 f8g7 d1b3 d5c4 b3c4 e8g8 e2e4 b8c6
537,d2d4 g8f6 c2c4 g7g6 b1c3 d7d5 g1f3 f8g7 d1b3 d5c4 b3c4 e8g8 e2e4 a7a6
538,d2d4 g8f6 c2c4 g7g6 b1c3 d7d5 g1f3 f8g7 d1b3 d5c4 b3c4 e8g8 e2e4 b8a6
539,d2d4 g8f6 c2c4 g7g6 b1c3 d7d5 g1f3 f8g7 d1b3 d5c4 b3c4 e8g8 e2e4 c8g4
540,d2d4 g8f6 c2c4 g7g6 b1c3 d7d5 g1f3 f8g7 d1b3 d5c4 b3c4 e8g8 e2e4 c8g4 c1e3 f6d7 c4b3
541,d2d4 g8f6 c2c4 g7g6 b1c3 d7d5 g1f3 f8g7 d1b3 d5c4 b3c4 e8g8 e2e4 c7c6
542,d2d4 g8f6 c2c4 g7g6 b1c3 d7d5 g1f3 f8g7 d1b3 d5c4 b3c4 e8g8 e2e4
543,d2d4 g8f6 c2c4 g7g6 b1c3 d7d5 g1f3 f8g7 e2e3 e8g8 f1d3 c7c6 e1g1 c8g4
544,d2d4 g8f6 c2c4 g7g6 b1c3 d7d5 g1f3 f8g7
545,d2d4 g8f6 c2c4 g7g6 b1c3 d7d5 g1f3 f8g7 e2e3
546,d2d4 g8f6 c2c4 g7g6 b1c3 d7d5 g1f3 f8g7 e2e3 c7c5 f1e2 c5d4 e3d4 b8c6 e1g1 e8g8
547,d2d4 g8f6 c2c4 g7g6 b1c3 d7d5 g1f3 f8g7 c1f4
548,d2d4 g8f6 c2c4 g7g6 b1c3 d7d5 g1f3 f8g7 c1f4 e8g8 e2e3
549,d2d4 g8f6 c2c4 g7g6 b1c3 d7d5 g1f3 f8g7 e2e3 e8g8 f1d3
550,d2d4 g8f6 c2c4 g7g6 b1c3 d7d5 g1f3 f8g7 c1g5
551,d2d4 g8f6 c2c4 g7g6 b1c3 d7d5 g1f3 f8g7 e2e3 e8g8 d1b3
552,d2d4 g8f6 c2c4 g7g6 b1c3 d7d5 h2h4
553,e2e4 e7e5 g1f3 d8e7
554,d2d4 e7e6
555,g2g3 d7d5 f1g2 e7e6
556,g2g3 f7f5
557,g2g3
558,g2g3 g8f6
559,g2g3 d7d5 f1g2 c7c5
560,g2g3 c7c5
561,g2g3 d7d5 f1g2 c7c6
562,g2g3 g7g6
563,d2d4 g8f6 g1f3 b7b6 g2g3 c8b7 f1g2 c7c5
564,d2d4 g8f6 c2c4 g7g6 d4d5
565,d2d4 g8f6 c2c4 g7g6 f2f3
566,d2d4 g8f6 c2c4 e7e6 g1f3
567,d2d4 g8f6 c2c4 e7e5
568,d2d4 g8f6 g1f3 g7g6 e2e3 f8g7 f1d3 d7d6
569,d2d4 g8f6 g1f3 c7c6
570,d2d4 g8f6 c2c4 e7e6 g1f3 a7a6
571,d2d4 g8f6
572,d2d4 g8f6 c2c4 g7g6
573,d2d4 g8f6 g1f3
574,d2d4 g8f6 g1f3 e7e6 c1f4
575,d2d4 g8f6 g1f3 g7g6 c1f4
576,d2d4 g8f6 c2c4
577,d2d4 g8f6 g1f3 b7b5
578,d2d4 g8f6 g1f3 g7g6 g2g3
579,d2d4 g8f6 g1f3 c7c5 d4d5 b7b5
580,d2d4 g8f6 g1f3 g7g6
581,d2d4 g8f6 g1f3 b7b6
582,d2d4 g8f6 c2c4 e7e6
583,d2d4 g8f6 b1c3 c7c5
584,d2d4 g8f6 c2c4 b7b6
585,d2d4 g8f6 c2c4 e7e6 c1g5
586,d2d4 g8f6 g1f3 c7c5
587,d2d4 g8f6 g2g3
588,d2d4 g8f6 g1f3 d7d6
589,d2d4 g8f6 g1f3 e7e6 e2e3
590,e2e4 e7e5 g1f3 b8c6 f1c4 h7h6
591,e2e4 e7e5 g1f3 b8c6 f1c4 f8c5 c2c3 g8f6 b2b4
592,e2e4 e7e5 g1f3 b8c6 f1c4 f8c5 c2c3 g8f6
593,e2e4 e7e5 g1f3 b8c6 f1c4 f8c5 c2c3 g8f6 e1g1
594,e2e4 e7e5 g1f3 b8c6 f1c4 f8c5 c2c3 g8f6 d2d4
595,e2e4 e7e5 g1f3 b8c6 f1c4 f8c5 c2c3 d8e7 d2d4 c5b6
596,e2e4 e7e5 g1f3 b8c6 f1c4 f8c5 c2c3 d8e7
597,e2e4 e7e5 g1f3 b8c6 f1c4 f8c5 c2c3 d7d6 d2d4 e5d4 c3d4 c5b6
598,e2e4 e7e5 g1f3 b8c6 f1c4 f8c5 c2c3
599,e2e4 e7e5 g1f3 b8c6 f1c4 f8c5 c2c3 g8f6 d2d3
600,e2e4 e7e5 g1f3 b8c6 f1c4 f8c5 c2c3 g8f6 d2d3 a7a6 c4b3 c5a7 h2h3 e8g8 e1g1 d7d6 f1e1
601,e2e4 e7e5 g1f3 b8c6 f1c4 f8c5 c2c3 g8f6 d2d4 e5d4 e4e5 d7d5
602,e2e4 e7e5 g1f3 b8c6 f1c4 f8c5 c2c3 g8f6 d2d4 e5d4 e4e5 d7d5 c4b5 f6e4 c3d4 c5b4
603,e2e4 e7e5 g1f3 b8c6 f1c4 f8c5 c2c3 g8f6 d2d4 e5d4 c3d4 c5b4 b1c3 f6e4 e1g1 e4c3
604,e2e4 e7e5 g1f3 b8c6 f1c4 f8c5 c2c3 g8f6 d2d4 e5d4 c3d4 c5b4 b1c3 f6e4 e1g1 b4c3
605,e2e4 e7e5 g1f3 b8c6 f1c4 f8c5 c2c3 g8f6 d2d4 e5d4 e1g1
606,e2e4 e7e5 g1f3 b8c6 f1c4 f8c5 c2c3 g8f6 d2d4 e5d4 c3d4 c5b4 b1c3 f6e4 e1g1 b4c3 d4d5
607,e2e4 e7e5 g1f3 b8c6 f1c4 f8c5 c2c3 g8f6 d2d4 e5d4 c3d4
608,e2e4 e7e5 g1f3 b8c6 f1c4 f8c5 e1g1 g8f6 d2d4
609,e2e4 e7e5 g1f3 b8c6 f1c4 f8c5 b2b4 c5b4 c2c3 b4e7
610,e2e4 e7e5 g1f3 b8c6 f1c4 f8c5 b2b4 c5b4 c2c3 b4e7 d2d4 c6a5
611,e2e4 e7e5 g1f3 b8c6 f1c4 f8c5 b2b4 c5b6
612,e2e4 e7e5 g1f3 b8c6 f1c4 f8c5 b2b4 c5b4 c2c3 b4c5
613,e2e4 e7e5 g1f3 b8c6 f1c4 f8c5 b2b4 c5b4 c2c3 b4c5 d2d4 e5d4 e1g1 d7d6 c3d4 c5b6
614,e2e4 e7e5 g1f3 b8c6 f1c4 f8c5 b2b4 c5b4 c2c3 b4a5
615,e2e4 e7e5 g1f3 b8c6 f1c4 f8c5 b2b4 c5b4 c2c3 b4a5 d2d4 e5d4 e1g1 g8e7
616,e2e4 e7e5 g1f3 b8c6 f1c4 f8c5 b2b4 c5b4 c2c3 b4a5 d2d4 e5d4
617,e2e4 e7e5 g1f3 b8c6 f1c4 f8c5 b2b4 c5b4 c2c3 b4d6
618,e2e4 e7e5 g1f3 b8c6 f1c4 f8c5 b2b4 c5b4 c2c3 b4a5 d2d4 d7d6 d1b3
619,e2e4 e7e5 g1f3 b8c6 f1c4
620,e2e4 e7e5 g1f3 b8c6 f1c4 f8c5 d2d3
621,e2e4 e7e5 g1f3 b8c6 f1c4 f8c5 d2d3 g8f6 b1c3 d7d6 c1g5
622,e2e4 e7e5 g1f3 b8c6 f1c4 f8c5 d2d3 g8f6 b1c3
623,e2e4 e7e5 g1f3 b8c6 f1c4 f8c5 d2d3 g8f6
624,e2e4 e7e5 g1f3 b8c6 f1c4 f8e7
625,e2e4 e7e5 g1f3 b8c6 f1c4 f8e7 d2d4 e5d4 c2c3 g8f6 e4e5 f6e4
626,e2e4 e7e5 g1f3 b8c6 f1c4 f8c5
627,e2e4 e7e5 g1f3 b8c6 f1c4 c6d4
628,e2e4 e7e5 g1f3 b8c6 f1c4 g8f6 d2d4 e5d4 e1g1 f6e4 f1e1 d7d5 c4d5 d8d5 b1c3
629,e2e4 e7e5 g1f3 b8c6 f1c4 g8f6 d2d4 e5d4 e1g1 f8e7
630,e2e4 e7e5 g1f3 b8c6 f1c4 g8f6 d2d4 e5d4 e1g1 d7d6
631,e2e4 e7e5 g1f3 b8c6 f1c4 g8f6 d2d4 e5d4 e1g1 f8c5
632,e2e4 e7e5 g1f3 b8c6 f1c4 g8f6 d2d4 e5d4 e1g1 f8c5 e4e5 d7d5 e5f6 d5c4 f1e1 c8e6 f3g5 d8d5 b1c3 d5f5 c3e4
633,e2e4 e7e5 g1f3 b8c6 f1c4 g8f6 d2d4 e5d4 e1g1 f8c5 c2c3
634,e2e4 e7e5 g1f3 b8c6 f1c4 g8f6
635,e2e4 e7e5 g1f3 b8c6 f1c4 g8f6 f3g5 d7d5 e4d5 f6d5 g5f7
636,e2e4 e7e5 g1f3 b8c6 f1c4 g8f6 f3g5 d7d5 e4d5 c6d4
637,e2e4 e7e5 g1f3 b8c6 f1c4 g8f6 f3g5 d7d5
638,e2e4 e7e5 g1f3 b8c6 f1c4 g8f6 d2d3
639,e2e4 e7e5 g1f3 b8c6 f1c4 g8f6 d2d4 e5d4 f3g5
640,e2e4 e7e5 g1f3 b8c6 f1c4 g8f6 f3g5 d7d5 e4d5 c6a5 c4b5
641,e2e4 e7e5 g1f3 b8c6 f1c4 g8f6 f3g5 d7d5 e4d5 c6a5 c4b5 c7c6 d5c6 b7c6 d1f3
642,e2e4 e7e5 g1f3 b8c6 f1c4 g8f6 f3g5 d7d5 e4d5 c6a5 d2d3
643,e2e4 e7e5 g1f3 b8c6 f1c4 g8f6 f3g5 d7d5 e4d5 c6a5 c4b5 c7c6 d5c6 b7c6 b5e2 h7h6
644,e2e4 e7e5 g1f3 b8c6 f1c4 g8f6 f3g5 f8c5 c4f7
645,e2e4 e7e5 g1f3 b8c6 f1c4 g8f6 f3g5 f8c5 g5f7
646,e2e4 e7e5 g1f3 b8c6 f1c4 g8f6 f3g5 d7d5 e4d5 b7b5
647,h2h4
648,d2d4 e7e6 c2c4 f8b4
649,d2d4 e7e6 c2c4 f8b4 b1c3
650,e2e4 e7e5 g1e2
651,e2e4 e7e5
652,e2e4 e7e5 d2d3
653,e2e4 e7e5 c2c3
654,e2e4 d7d6 d2d4 e7e5
655,e2e4 e7e5 g1f3 b8c6 f1e2
656,e2e4 e7e5 g1f3 b8c6 f1e2 g8f6 d2d3 d7d5 b1d2
657,e2e4 e7e5 f2f4 e5f4 g1f3 d7d5 e4d5 g8f6
658,e2e4 e7e5 f2f4 e5f4 g1f3 h7h6
659,e2e4 e7e5 f2f4 e5f4 f1c4
660,e2e4 e7e5 f2f4 e5f4 f1c4 d7d5 c4d5 g8f6
661,e2e4 e7e5 f2f4 e5f4 f1c4 g8f6 b1c3 c7c6
662,e2e4 e7e5 f2f4 e5f4 f1c4 g8f6 b1c3
663,e2e4 e7e5 f2f4 e5f4 f1c4 d8h4 e1f1 d7d6
664,e2e4 e7e5 f2f4 e5f4 g1f3 g8e7
665,e2e4 e7e5 f2f4 e5f4 g1f3 f8e7
666,e2e4 e7e5 f2f4 e5f4 g1f3 f8e7 f1c4 g8f6
667,e2e4 e7e5 f2f4 e5f4 g1f3 d7d6
668,e2e4 e7e5 f2f4 e5f4 g1f3 g7g5 f1c4 f8g7 h2h4 h7h6 d2d4 d7d6
669,e2e4 e7e5 f2f4 e5f4 g1f3 g7g5 f1c4 f8g7 e1g1
670,e2e4 e7e5 f2f4 e5f4 g1f3 g7g5 h2h4 g5g4 f3e5 d7d6
671,e2e4 e7e5 f2f4 e5f4 g1f3 g7g5 h2h4 g5g4 f3e5 g8f6 d2d4
672,e2e4 e7e5 f2f4 e5f4 g1f3
673,e2e4 e7e5 f2f4 e5f4 g1f3 b8c6
674,e2e4 e7e5 f2f4 e5f4 b1c3
675,e2e4 e7e5 f2f4 e5f4 g1f3 d7d5
676,e2e4 e7e5 f2f4 e5f4 g1f3 g8f6
677,e2e4 e7e5 f2f4 e5f4 g1f3 g7g5 f1c4 f8g7
678,e2e4 e7e5 f2f4 f8c5
679,e2e4 e7e5 f2f4 f8c5 g1f3 d7d6 c2c3
680,e2e4 e7e5 f2f4 d8h4 g2g3 h4e7
681,e2e4 e7e5 f2f4 b8c6 g1f3 f7f5
682,e2e4 e7e5 f2f4 g8f6
683,e2e4 e7e5 f2f4 b8c6
684,e2e4 e7e5 f2f4 d7d5 e4d5 e5e4 d2d3
685,e2e4 e7e5 f2f4 d7d5 e4d5 e5e4 d2d3 g8f6 d3e4
686,e2e4 e7e5 f2f4 d7d5 e4d5 e5f4
687,e2e4 e7e5 f2f4 d7d5 e4d5 c7c6
688,e2e4 e7e5 f2f4 d7d5 e4d5 e5e4
689,e2e4 e7e5 f2f4
690,g1f3 d7d5 g2g3 g7g6
691,g1f3 d7d5 g2g3
692,g1f3 d7d5 g2g3 c8g4 f1g2 b8d7
693,g1f3 d7d5 g2g3 g7g6 f1g2 f8g7 e1g1 e7e5 d2d3 g8e7
694,g1f3 d7d5 g2g3 c7c5 f1g2
695,g1f3 d7d5 g2g3 c7c5 f1g2 b8c6 e1g1 e7e6 d2d3 g8f6 b1d2 f8e7 e2e4 e8g8 f1e1
696,g1f3 d7d5 g2g3 c7c5
697,g1f3 g8f6 g2g3 g7g6 b2b4
698,g1f3 g8f6 g2g3 b7b5
699,g1f3 g8f6 g2g3 g7g6
700,g1f3 g8f6 g2g3 g7g6 f1g2 f8g7 e1g1 e8g8 d2d3 d7d5
701,g1f3 d7d5 g2g3 g8f6 f1g2 c7c6 e1g1 c8g4
702,d2d4 g8f6 c2c4 g7g6 b1c3 f8g7 e2e4 d7d6 c1g5
703,d2d4 g8f6 c2c4 g7g6 b1c3 f8g7 e2e4 d7d6 f1e2 e8g8 c1g5 b8c6
704,d2d4 g8f6 c2c4 g7g6 b1c3 f8g7 e2e4 d7d6 f1e2 e8g8 c1g5
705,d2d4 g8f6 c2c4 g7g6 b1c3 f8g7 e2e4 d7d6 f1e2 e8g8 c1g5 c7c5 d4d5
706,d2d4 g8f6 c2c4 g7g6 b1c3 f8g7 e2e4 d7d6 f1e2 e8g8 c1g5 c7c5 d4c5
707,d2d4 g8f6 c2c4 g7g6 b1c3 f8g7 e2e4 d7d6 f1e2 e8g8 c1g5 h7h6
708,d2d4 g8f6 c2c4 g7g6 b1c3 f8g7 e2e4 d7d6 f1e2 e8g8 c1g5 b8d7
709,d2d4 g8f6 c2c4 g7g6 b1c3 f8g7 e2e4 d7d6 f1e2 e8g8 c1g5 b8a6
710,d2d4 g8f6 c2c4 g7g6 b1c3 f8g7 e2e4 d7d6 f1e2 e8g8 c1g5 b8a6 d1d2 c7c6
711,d2d4 g8f6 c2c4 g7g6 b1c3 f8g7 e2e4 d7d6 f1e2 e8g8 c1g5 a7a6
712,d2d4 g8f6 c2c4 g7g6 b1c3 f8g7 e2e4 d7d6 g1f3 e8g8 f1e2 e7e5 d4e5
713,d2d4 g8f6 c2c4 g7g6 b1c3 f8g7 g1f3 d7d6 g2g3 e8g8 f1g2 c7c6 e1g1 d8b6
714,d2d4 g8f6 c2c4 g7g6 b1c3 f8g7 g1f3 d7d6 g2g3 e8g8 f1g2 b8d7 e1g1 e7e5
715,d2d4 g8f6 c2c4 g7g6 b1c3 f8g7 g1f3 d7d6 g2g3 e8g8 f1g2 b8d7 e1g1 e7e5 e2e4 c7c6 h2h3
716,d2d4 g8f6 c2c4 g7g6 b1c3 f8g7 g1f3 d7d6 g2g3 e8g8 f1g2 b8d7
717,d2d4 g8f6 c2c4 g7g6 b1c3 f8g7 g1f3 d7d6 g2g3
718,d2d4 g8f6 c2c4 g7g6 g1f3 f8g7 g2g3 d7d6 f1g2 e8g8 e1g1 b8d7 b1c3 e7e5 b2b3
719,d2d4 g8f6 c2c4 g7g6 g1f3 f8g7 g2g3 d7d6 f1g2 e8g8 e1g1 b8d7 b1c3 a7a6
720,d2d4 g8f6 c2c4 g7g6 g2g3
721,d2d4 g8f6 c2c4 g7g6 b1c3 f8g7 g1f3 d7d6 g2g3 e8g8 f1g2 b8c6
722,d2d4 g8f6 c2c4 g7g6 b1c3 f8g7 g1f3 d7d6 g2g3 e8g8 f1g2 c7c6 e1g1 d8a5
723,d2d4 g8f6 c2c4 g7g6 b1c3 f8g7 g1f3 d7d6 g2g3 e8g8 f1g2 c7c6 e1g1 c8f5
724,d2d4 g8f6 c2c4 g7g6 b1c3 f8g7 g1f3 d7d6 g2g3 e8g8 f1g2 b8c6 e1g1 c8f5
725,d2d4 g8f6 c2c4 g7g6 b1c3 f8g7 g1f3 d7d6 g2g3 e8g8 f1g2 b8d7 e1g1 e7e5 e2e4 f8e8 h2h3 e5d4 f3d4 d7c5 f1e1 a7a5
726,d2d4 g8f6 c2c4 g7g6 b1c3 f8g7 g1f3 d7d6 g2g3 e8g8 f1g2 b8c6 e1g1 a7a6
727,d2d4 g8f6 c2c4 g7g6 b1c3 f8g7 g1f3 d7d6 g2g3 e8g8 f1g2 b8c6 e1g1 a7a6 d4d5 c6a5 f3d2 c7c5 d1c2 a8b8 b2b3 b7b5 c1b2 b5c4 b3c4 g7h6
728,d2d4 g8f6 c2c4 g7g6 b1c3 f8g7 g1f3 d7d6 g2g3 e8g8 f1g2 b8c6 e1g1 a7a6 h2h3 a8b8 c1e3 b7b5 f3d2
729,d2d4 g8f6 c2c4 g7g6 g1f3 f8g7 g2g3 c7c5 f1g2 d8a5
730,d2d4 g8f6 c2c4 g7g6 b1c3 f8g7 g1f3 d7d6 g2g3 e8g8 f1g2 b8c6 e1g1 c8g4
731,d2d4 g8f6 c2c4 g7g6 b1c3 f8g7 g1f3 d7d6 g2g3 e8g8 f1g2 b8c6 e1g1 e7e5
732,d2d4 g8f6 c2c4 g7g6 g1f3 f8g7 g2g3 d7d6 f1g2 e8g8 e1g1 c7c5
733,d2d4 g8f6 c2c4 g7g6 b1c3 f8g7 g1f3 d7d6 g2g3 e8g8 f1g2 c7c5 e1g1
734,d2d4 g8f6 c2c4 g7g6 b1c3 f8g7 g1f3 d7d6 g2g3 e8g8 f1g2 c7c5 e1g1 b8c6 d4d5
735,d2d4 g8f6 c2c4 g7g6 b1c3 f8g7 g1f3 d7d6 g2g3 e8g8 f1g2 c7c5 e1g1 b8c6 d4c5 d6c5
736,d2d4 g8f6 c2c4 g7g6 b1c3 f8g7 g1f3 d7d6 g2g3 e8g8 f1g2 c7c5
737,d2d4 g8f6 c2c4 g7g6 b1c3 f8g7 e2e4 d7d6 f2f4
738,d2d4 g8f6 c2c4 g7g6 b1c3 f8g7 e2e4 d7d6 f2f4 e8g8 g1f3 c7c5 d4d5
739,d2d4 g8f6 c2c4 g7g6 b1c3 f8g7 e2e4 d7d6 f2f4 e8g8 f1e2 c7c5 g1f3 c5d4 f3d4 b8c6 c1e3
740,d2d4 g8f6 c2c4 g7g6 b1c3 f8g7 e2e4 d7d6 f2f4 e8g8 f1e2 c7c5 d4d5 e7e6 g1f3 e6d5 e4e5
741,d2d4 g8f6 c2c4 g7g6 b1c3 f8g7 e2e4 d7d6 f2f4 e8g8 f1e2 c7c5 g1f3
742,d2d4 g8f6 c2c4 g7g6 b1c3 f8g7 e2e4 d7d6 f2f4 e8g8 f1e2
743,d2d4 g8f6 c2c4 g7g6 b1c3 f8g7 e2e4 d7d6 f2f4 e8g8 f1e2 c7c5 d4d5 e7e6 g1f3
744,d2d4 g8f6 c2c4 g7g6 b1c3 f8g7 e2e4 d7d6 g1f3 e8g8 f1e2 b8a6
745,d2d4 g8f6 c2c4 g7g6 b1c3 f8g7 e2e4 d7d6 g1e2
746,d2d4 g8f6 c2c4 g7g6 b1c3 f8g7 e2e4 d7d6 g1f3 e8g8 c1e3
747,d2d4 g8f6 c2c4 g7g6 b1c3 f8g7 e2e4 d7d6 h2h3
748,d2d4 g8f6 c2c4 g7g6 b1c3 f8g7 e2e4
749,d2d4 g8f6 c2c4 g7g6 b1c3 f8g7 e2e4 d7d6 g2g3
750,d2d4 g8f6 c2c4 g7g6 g1f3
751,d2d4 g8f6 c2c4 g7g6 b1c3 f8g7 e2e4 d7d6 g1f3
752,d2d4 g8f6 c2c4 g7g6 b1c3 f8g7 e2e4 d7d6 f1e2
753,d2d4 g8f6 c2c4 g7g6 b1c3 f8g7 e2e4 d7d6 g1f3 e8g8 f1e2 e7e5 e1g1
754,d2d4 g8f6 c2c4 g7g6 b1c3 f8g7 e2e4 d7d6 g1f3 e8g8 f1e2 e7e5
755,d2d4 g8f6 c2c4 g7g6 b1c3 f8g7 e2e4 d7d6 g1f3 e8g8 f1e2 e7e5 e1g1 b8c6
756,d2d4 g8f6 c2c4 g7g6 b1c3 f8g7 e2e4 d7d6 g1f3 e8g8 f1e2 e7e5 e1g1 b8c6 d4d5 c6e7 b2b4
757,d2d4 g8f6 c2c4 g7g6 b1c3 f8g7 e2e4 d7d6 g1f3 e8g8 f1e2 e7e5 e1g1 b8c6 d4d5 c6e7 b2b4 f6h5 f1e1
758,d2d4 g8f6 c2c4 g7g6 b1c3 f8g7 e2e4 d7d6 g1f3 e8g8 f1e2 e7e5 e1g1 b8c6 d4d5 c6e7 f3e1 f6d7 f2f3 f7f5 g2g4
759,d2d4 g8f6 c2c4 g7g6 b1c3 f8g7 e2e4 d7d6 g1f3 e8g8 f1e2 e7e5 e1g1 b8c6 d4d5 c6e7 f3e1 f6d7 c1e3 f7f5 f2f3 f5f4 e3f2 g6g5 a1c1 e7g6 c4c5
760,d2d4 g8f6 c2c4 g7g6 b1c3 f8g7 e2e4 d7d6 g1f3 e8g8 f1e2 e7e5 e1g1 b8c6 d4d5 c6e7 f3e1
761,d2d4 g8f6 c2c4 g7g6 b1c3 f8g7 e2e4 d7d6 g1f3 e8g8 f1e2 e7e5 e1g1 b8c6 d4d5 c6e7 f3e1 f6d7 c1e3
762,d2d4 g8f6 c2c4 g7g6 b1c3 f8g7 e2e4 d7d6 g1f3 e8g8 f1e2 e7e5 e1g1 b8c6 d4d5 c6e7 f3e1 f6d7 f2f3 f7f5
763,d2d4 g8f6 c2c4 g7g6 b1c3 f8g7 e2e4 d7d6 g1f3 e8g8 f1e2 e7e5 e1g1 c7c6
764,d2d4 g8f6 c2c4 g7g6 b1c3 f8g7 e2e4 d7d6 g1f3 e8g8 f1e2
765,d2d4 g8f6 c2c4 g7g6 b1c3 f8g7 e2e4 d7d6 g1f3 e8g8 f1e2 e7e5 e1g1 b8a6
766,d2d4 g8f6 c2c4 g7g6 b1c3 f8g7 e2e4 d7d6 g1f3 e8g8 f1e2 e7e5 c1e3
767,d2d4 g8f6 c2c4 g7g6 b1c3 f8g7 e2e4 d7d6 g1f3 e8g8 f1e2 e7e5 e1g1 b8c6 d4d5 c6e7 c1d2
768,d2d4 g8f6 c2c4 g7g6 b1c3 f8g7 e2e4 d7d6 g1f3 e8g8 f1e2 e7e5 e1g1 b8c6 d4d5 c6e7 f3d2
769,d2d4 g8f6 c2c4 g7g6 b1c3 f8g7 e2e4 d7d6 g1f3 e8g8 f1e2 e7e5 e1g1 b8d7
770,d2d4 g8f6 c2c4 g7g6 b1c3 f8g7 e2e4 d7d6 g1f3 e8g8 f1e2 e7e5 e1g1 b8d7 d4d5
771,d2d4 g8f6 c2c4 g7g6 b1c3 f8g7 e2e4 d7d6 g1f3 e8g8 f1e2 e7e5 e1g1 b8d7 f1e1 c7c6 e2f1 a7a5
772,d2d4 g8f6 c2c4 g7g6 b1c3 f8g7 e2e4 d7d6 g1f3 e8g8 f1e2 e7e5 d4d5
773,d2d4 g8f6 c2c4 g7g6 b1c3 f8g7 e2e4 d7d6 g1f3 e8g8 f1e2 e7e5 d4d5 b8d7 c1g5 h7h6 g5h4 g6g5 h4g3 f6h5 h2h4
774,d2d4 g8f6 c2c4 g7g6 b1c3 f8g7 e2e4 d7d6 g1f3 e8g8 f1e2 e7e5 d4d5 b8d7
775,d2d4 g8f6 c2c4 g7g6 b1c3 f8g7 e2e4 d7d6 g1f3 e8g8 f1e2 e7e5 d4d5 a7a5
776,d2d4 g8f6 c2c4 g7g6 b1c3 f8g7 e2e4 d7d6 g2g3 e8g8 f1g2 e7e5 g1e2
777,d2d4 g8f6 c2c4 g7g6 b1c3 f8g7 e2e4 d7d6 f2f3
778,d2d4 g8f6 c2c4 g7g6 b1c3 f8g7 e2e4 d7d6 f2f3 e8g8 c1e3 e7e5 g1e2 c7c6
779,d2d4 g8f6 c2c4 g7g6 b1c3 f8g7 e2e4 d7d6 f2f3 e8g8 g1e2
780,d2d4 g8f6 c2c4 g7g6 b1c3 f8g7 e2e4 d7d6 f2f3 e8g8 c1e3 c7c6 f1d3 a7a6
781,d2d4 g8f6 c2c4 g7g6 b1c3 f8g7 e2e4 d7d6 f2f3 e8g8 c1e3 e7e5 d4d5
782,d2d4 g8f6 c2c4 g7g6 b1c3 f8g7 e2e4 d7d6 f2f3 e8g8 c1e3 e7e5 d4d5 c7c6
783,d2d4 g8f6 c2c4 g7g6 b1c3 f8g7 e2e4 d7d6 f2f3 e8g8 c1e3 e7e5 d4d5 c7c6 g1e2 c6d5
784,d2d4 g8f6 c2c4 g7g6 b1c3 f8g7 e2e4 d7d6 f2f3 e8g8 c1e3 b7b6
785,d2d4 g8f6 c2c4 g7g6 b1c3 f8g7 e2e4 d7d6 f2f3 e8g8
786,d2d4 g8f6 c2c4 g7g6 b1c3 f8g7 e2e4 d7d6 f2f3 e8g8 c1e3 e7e5
787,d2d4 g8f6 c2c4 g7g6 b1c3 f8g7 e2e4 d7d6 f2f3 e8g8 c1e3 b8c6 g1e2 a7a6
788,d2d4 g8f6 c2c4 g7g6 b1c3 f8g7 e2e4 d7d6 f2f3 e8g8 c1e3 b8c6
789,d2d4 g8f6 c2c4 g7g6 b1c3 f8g7 e2e4 d7d6 f1e2 e8g8 c1e3
790,d2d4 g8f6 c2c4 g7g6 b1c3 f8g7 e2e4 d7d6
791,d2d4 g8f6 c2c4 g7g6 b1c3 f8g7 g1f3 d7d6 c1g5
792,d2d4 g8f6 c2c4 g7g6 b1c3 f8g7 e2e4 d7d6 f2f3 e8g8 c1g5
793,d2d4 g8f6 c2c4 g7g6 b1c3 f8g7 e2e4 d7d6 g1f3 e8g8 c1g5
794,e2e4 e7e5 g1f3 b8c6 g2g3
795,e2e4 e7e5 g1f3 b8c6
796,e2e4 e7e5 g1f3 f7f5 e4f5
797,e2e4 e7e5 g1f3 f7f5 f3e5 d8f6 d2d4 d7d6 e5c4
798,e2e4 e7e5 g1f3 f7f5 f3e5 d8f6 e5c4 f5e4 b1c3
799,e2e4 e7e5 g1f3 f7f5 f3e5 b8c6
800,e2e4 e7e5 g1f3 f7f5
801,e2e4 e7e5 g1f3 f7f5 d2d4
802,e2e4 d7d6 d2d4 g8f6 b1c3 b8d7 f2f4
803,e2e4 d7d6 d2d4 g8f6 b1c3 b8d7 f2f4 e7e5
804,e2e4 d7d6 d2d4 g8f6 b1c3 b8d7 g2g4
805,e2e4 d7d6 d2d4 g8f6 f2f3
806,d2d4 d7d5 g1f3 g8f6 c1f4 c7c5 e2e3 d8b6 b1c3
807,d2d4 g8f6 c2c4 b8c6
808,d2d3
809,d2d3 e7e5
810,d2d4 b8c6
811,d2d4 b8c6 c2c4 e7e5 d4d5 c6e7
812,d2d4 g7g6 c2c4 f8g7 b1c3 d7d6 e2e4 b8c6
813,d2d4 g7g6 c2c4 f8g7 b1c3 d7d6 e2e4 f7f5
814,d2d4 g7g6 c2c4 f8g7 b1c3 d7d6 e2e4
815,d2d4 g7g6 c2c4 f8g7 e2e4 d7d6 c1e3 g8f6 f2f3
816,d2d4 g7g6 c2c4 f8g7 b1c3 c7c5 d4d5 g7c3 b2c3 f7f5
817,e2e4 g7g6 d2d4 f8g7 f1c4
818,e2e4 g7g6 d2d4 f8g7 g1f3 d7d6 c2c3
819,d2d4 g7g6 c2c4 f8g7 b1c3 d7d6
820,e2e4 g7g6 d2d4 f8g7 b1c3 c7c6 f2f4 d7d5 e4e5 h7h5
821,e2e4 g7g6 d2d4 f8g7 g1f3 c7c5 c2c4 d8b6
822,e2e4 g7g6
823,e2e4 g7g6 d2d4 f8g7 b1c3 d7d5
824,e2e4 g7g6 d2d4 f8g7 b1c3 c7c5
825,e2e4 g7g6 d2d4 g8f6
826,e2e4 g7g6 d2d4 f8g7 b1c3 d7d6 f2f4
827,d2d4 g7g6
828,e2e4 g7g6 d2d4 f8g7 g1f3 d7d6 c2c4 c8g4
829,e2e4 g7g6 d2d4 f8g7 c2c4 c7c5 g1f3 d8a5
830,e2e4 g7g6 d2d4 f8g7 b1c3 d7d6
831,e2e4 g7g6 d2d4 f8g7 b1c3
832,e2e4 g7g6 d2d4 f8g7 f2f4
833,e2e4 g7g6 d2d4 f8g7 b1c3 d7d6 g1f3
834,e2e4 g7g6 d2d4 f8g7 b1c3 d7d6 g1f3 c7c6
835,d2d4 g8f6 c2c4 g7g6 g2g3 d7d5 f1g2 f8g7 g1f3 e8g8 e1g1
836,d2d4 g8f6 c2c4 g7g6 g2g3 d7d5 f1g2 f8g7 g1f3 e8g8 e1g1 d5c4
837,d2d4 g8f6 c2c4 g7g6 g2g3 d7d5 f1g2 f8g7 g1f3 e8g8 e1g1 c7c6
838,d2d4 g8f6 c2c4 g7g6 g2g3 d7d5 f1g2 f8g7 g1f3 e8g8 e1g1 b8c6
839,d2d4 g8f6 c2c4 g7g6 g2g3 d7d5 f1g2 f8g7 g1f3 e8g8 c4d5 f6d5 e1g1 d5b6
840,d2d4 g8f6 c2c4 g7g6 g2g3 d7d5 f1g2 f8g7 g1f3 e8g8 c4d5 f6d5 e1g1
841,d2d4 g8f6 c2c4 g7g6 g2g3 d7d5 f1g2 f8g7 g1f3 e8g8 c4d5 f6d5 e1g1 c7c5 d4c5
842,d2d4 g8f6 c2c4 g7g6 g2g3 d7d5 f1g2 f8g7 g1f3 e8g8 c4d5 f6d5 e1g1 c7c5 b1c3
843,d2d4 g8f6 c2c4 g7g6 g2g3 d7d5 f1g2 f8g7 c4d5 f6d5 e2e4 d5b6 g1e2
844,d2d4 g8f6 c2c4 g7g6 g2g3 d7d5 f1g2 f8g7 c4d5 f6d5
845,d2d4 g8f6 c2c4 g7g6 g2g3 d7d5 f1g2 f8g7 g1f3
846,d2d4 g8f6 c2c4 g7g6 g2g3 d7d5 f1g2 f8g7 g1f3 e8g8 e1g1 c7c6 c4d5 c6d5
847,d2d4 g8f6 c2c4 g7g6 f2f3 d7d5
848,d2d4 g8f6 c2c4 g7g6 g1f3 d7d5
849,d2d4 g8f6 c2c4 e7e6 b1c3 f8b4 d1c2
850,d2d4 g8f6 c2c4 e7e6 b1c3 f8b4 d1c2 c7c5
851,d2d4 g8f6 c2c4 e7e6 b1c3 f8b4 d1c2 c7c5 d4c5 e8g8 a2a3 b4c5 g1f3 b7b6 c1f4
852,d2d4 g8f6 c2c4 e7e6 b1c3 f8b4 d1c2 e8g8 a2a3 b4c3 c2c3 b7b6
853,d2d4 g8f6 c2c4 e7e6 b1c3 f8b4 d1c2 c7c5 d4c5 e8g8
854,d2d4 g8f6 c2c4 e7e6 b1c3 f8b4 d1c2 b8c6 g1f3 d7d6
855,d2d4 g8f6 c2c4 e7e6 b1c3 f8b4 d1c2 d7d5
856,d2d4 g8f6 c2c4 e7e6 b1c3 f8b4 d1c2 d7d5 a2a3 b4c3 c2c3 f6e4 c3c2
857,d2d4 g8f6 c2c4 e7e6 b1c3 f8b4 d1c2 d7d5 a2a3
858,d2d4 g8f6 c2c4 e7e6 b1c3 f8b4 d1c2 d7d5 c4d5 d8d5
859,d2d4 g8f6 c2c4 e7e6 b1c3 f8b4 d1c2 e8g8 a2a3 b4c3 c2c3 b7b5
860,d2d4 g8f6 c2c4 e7e6 b1c3 f8b4 d1c2 b8c6
861,d2d4 g8f6 c2c4 e7e6 b1c3 f8b4 e2e3 b7b6 g1e2
862,d2d4 g8f6 c2c4 e7e6 b1c3 f8b4
863,d2d4 g8f6 c2c4 e7e6 b1c3 f8b4 e2e3 c7c5
864,d2d4 g8f6 c2c4 e7e6 b1c3 f8b4 e2e3 c7c5 f1d3 b8c6 g1f3 b4c3 b2c3 d7d6
865,d2d4 g8f6 c2c4 e7e6 b1c3 f8b4 e2e3 c7c5 g1e2
866,d2d4 g8f6 c2c4 e7e6 b1c3 f8b4 e2e3 c7c5 g1e2 c5d4 e3d4 e8g8 a2a3
867,d2d4 g8f6 c2c4 e7e6 b1c3 f8b4 f2f3
868,d2d4 g8f6 c2c4 e7e6 b1c3 f8b4 c1g5
869,d2d4 g8f6 c2c4 e7e6 b1c3 f8b4 c1g5 h7h6 g5h4 c7c5 d4d5 b7b5
870,d2d4 g8f6 c2c4 e7e6 b1c3 f8b4 c1g5 h7h6 g5h4 c7c5 d4d5 d7d6
871,d2d4 g8f6 c2c4 e7e6 b1c3 f8b4 e2e3
872,d2d4 g8f6 c2c4 e7e6 b1c3 f8b4 e2e3 e8g8
873,d2d4 g8f6 c2c4 e7e6 b1c3 f8b4 e2e3 e8g8 g1f3 d7d5 f1d3 c7c5 e1g1 b8c6 a2a3 b4c3 b2c3 d5c4 d3c4
874,d2d4 g8f6 c2c4 e7e6 b1c3 f8b4 e2e3 e8g8 g1f3 d7d5 f1d3 c7c5
875,d2d4 g8f6 c2c4 e7e6 b1c3 f8b4 e2e3 e8g8 g1f3 d7d5 f1d3 c7c5 e1g1 b8c6 a2a3 b4c3 b2c3
876,d2d4 g8f6 c2c4 e7e6 b1c3 f8b4 e2e3 e8g8 f1d3
877,d2d4 g8f6 c2c4 e7e6 b1c3 f8b4 e2e3 e8g8 f1d3 d7d5
878,d2d4 g8f6 c2c4 e7e6 b1c3 f8b4 e2e3 e8g8 f1d3 d7d5 a2a3 b4c3 b2c3
879,d2d4 g8f6 c2c4 e7e6 b1c3 f8b4 e2e3 b7b6 g1e2 c8a6
880,d2d4 g8f6 c2c4 e7e6 b1c3 f8b4 e2e3 e8g8 g1f3 d7d5 f1d3 c7c5 e1g1 b8d7
881,d2d4 g8f6 c2c4 e7e6 b1c3 f8b4 e2e3 e8g8 g1f3 d7d5 f1d3 c7c5 e1g1 b8c6
882,d2d4 g8f6 c2c4 e7e6 b1c3 f8b4 e2e3 e8g8 g1f3 d7d5 f1d3 c7c5 e1g1 d5c4 d3c4 b8d7
883,d2d4 g8f6 c2c4 e7e6 b1c3 f8b4 e2e3 e8g8 g1f3 d7d5 f1d3 c7c5 e1g1 d5c4 d3c4
884,d2d4 g8f6 c2c4 e7e6 b1c3 f8b4 e2e3 e8g8 g1f3 d7d5 f1d3 c7c5 e1g1 b7b6
885,d2d4 g8f6 c2c4 e7e6 b1c3 f8b4 e2e3 e8g8 g1f3 d7d5 f1d3 c7c5 e1g1 d5c4 d3c4 d8e7
886,d2d4 g8f6 c2c4 e7e6 b1c3 f8b4 e2e3 e8g8 g1f3 c7c5
887,d2d4 g8f6 c2c4 e7e6 b1c3 f8b4 e2e3 e8g8 g1f3 d7d5
888,d2d4 g8f6 c2c4 e7e6 b1c3 f8b4 e2e3 e8g8 g1f3 d7d5 a2a3
889,d2d4 g8f6 c2c4 e7e6 b1c3 f8b4 e2e3 e8g8 g1f3 d7d5 f1d3 b7b6
890,d2d4 g8f6 c2c4 e7e6 b1c3 f8b4 e2e3 b8c6
891,d2d4 g8f6 c2c4 e7e6 b1c3 f8b4 e2e3 c7c5 g1f3 c5d4 e3d4 d7d5
892,d2d4 g8f6 c2c4 e7e6 b1c3 f8b4 e2e3 b8c6 g1f3 e8g8 f1d3 d7d5 e1g1
893,d2d4 g8f6 c2c4 e7e6 b1c3 f8b4 g1f3 d7d5
894,d2d4 g8f6 c2c4 e7e6 b1c3 f8b4 e2e3 e8g8 g1e2
895,d2d4 g8f6 c2c4 e7e6 b1c3 f8b4 g1f3 c7c5 g2g3 e8g8 f1g2
896,d2d4 g8f6 c2c4 e7e6 b1c3 f8b4 g2g3
897,d2d4 g8f6 c2c4 e7e6 b1c3 f8b4 g1f3 c7c5 g2g3 e8g8 f1g2 c5d4 f3d4 d7d5 c4d5 f6d5
898,d2d4 g8f6 c2c4 e7e6 b1c3 f8b4 a2a3 b4c3 b2c3 e8g8 e2e3
899,d2d4 g8f6 c2c4 e7e6 b1c3 f8b4 a2a3 b4c3 b2c3 e8g8
900,d2d4 g8f6 c2c4 e7e6 b1c3 f8b4 a2a3 b4c3 b2c3 c7c5 f2f3 d7d5 c4d5
901,d2d4 g8f6 c2c4 e7e6 b1c3 f8b4 a2a3 b4c3 b2c3 c7c5 e2e3
902,d2d4 g8f6 c2c4 e7e6 b1c3 f8b4 a2a3 b4c3 b2c3 e8g8 e2e3 c7c5 f1d3 b8c6
903,d2d4 g8f6 c2c4 e7e6 b1c3 f8b4 a2a3 b4c3 b2c3
904,d2d4 g8f6 c2c4 e7e6 b1c3 f8b4 a2a3 b4c3 b2c3 e8g8 e2e3 c7c5 f1d3 b8c6 g1e2 b7b6 e3e4 f6e8
905,d2d4 g8f6 c2c4 e7e6 b1c3 f8b4 a2a3 b4c3 b2c3 c7c5 f2f3 d7d5 c4d5 f6d5 d4c5
906,d2d4 g8f6 c2c4 e7e6 b1c3 f8b4 a2a3 b4c3 b2c3 c7c5 e2e3 b7b6
907,d2d4 g8f6 c2c4 e7e6 b1c3 f8b4 e2e3 e8g8 g1e2 d7d5 a2a3 b4d6
908,d2d4 g8f6 c2c4 e7e6 b1c3 f8b4 d1b3
909,d2d4 g8f6 c2c4 e7e6 b1c3 f8b4 d1b3 c7c5 d4c5 b8c6 g1f3 f6e4 c1d2 e4d2
910,d2d4 g8f6 c2c4 e7e6 b1c3 f8b4 d1b3 c7c5 d4c5 b8c6
911,d2d4 g8f6 c2c4 e7e6 b1c3 f8b4 e2e3 b7b6
912,d2d4 g8f6 c2c4 e7e6 b1c3 f8b4 g1f3
913,d2d4 g8f6 c2c4 e7e6 b1c3 f8b4 g1f3 b7b6
914,d2d4 g8f6 c2c4 e7e6 b1c3 f8b4 g1f3 b7b6 c1g5 c8b7 f3d2
915,b2b3 d7d5
916,b2b3 f7f5
917,b2b3 c7c5
918,b2b3
919,b2b3 g8f6
920,b2b3 e7e5
921,b2b3 b7b6
922,e2e4 b8c6 g1f3
923,e2e4 b8c6 g1f3 e7e6
924,e2e4 b8c6 b1c3 e7e6
925,e2e4 b8c6
926,e2e4 b8c6 d2d4 e7e5 d4d5
927,e2e4 b8c6 d2d4 e7e5 d4e5 c6e5 f2f4 e5g6
928,e2e4 b8c6 d2d4 e7e5 d4e5 c6e5 g1f3
929,e2e4 b8c6 g1f3 f7f5 e4f5
930,e2e4 b8c6 d2d4 d7d6
931,e2e4 b8c6 d2d4 d7d5 e4e5
932,e2e4 b8c6 d2d4 d7d5 b1c3
933,e2e4 b8c6 d2d4 d7d5 b1c3 e7e5
934,e2e4 b8c6 d2d4 d7d5 b1c3 d5e4 d4d5 c6e5
935,e2e4 b8c6 d2d4 d7d5 b1c3 g8f6
936,e2e4 b8c6 d2d4 d7d5 e4d5 d8d5
937,e2e4 b8c6 g1f3 d7d6
938,g1f3 d7d5 b2b3
939,d2d4 g8f6 c2c4 d7d6
940,d2d4 g8f6 c2c4 d7d6 b1c3 c8f5 g2g3
941,d2d4 g8f6 c2c4 d7d6 b1c3 c8f5 g1f3
942,d2d4 g8f6 c2c4 d7d6 b1c3 c8f5 f2f3
943,d2d4 g8f6 c2c4 d7d6 b1c3 e7e5 g1f3 b8d7 e2e4
944,d2d4 g8f6 c2c4 d7d6 g1f3 c8g4
945,d2d4 g8f6 c2c4 d7d6 b1c3 e7e5 g1f3
946,d2d4 g8f6 c2c4 d7d6 b1c3 e7e5
947,d2d4 g8f6 c2c4 d7d6 b1c3 c7c6
948,d2d4 g8f6 c2c4 d7d6 g1f3 c7c6
949,d2d4 g8f6 c2c4 d7d6 b1c3 c7c6 g1f3
950,e2e4 b7b6
951,e2e4 e7e5 g1f3 d7d6 d2d4 e5d4 f3d4 g8f6
952,e2e4 e7e5 g1f3 d7d6 d2d4 e5d4 f3d4
953,e2e4 e7e5 g1f3 d7d6 d2d4 e5d4
954,e2e4 e7e5 g1f3 d7d6 d2d4
955,e2e4 e7e5 g1f3 d7d6
956,e2e4 e7e5 g1f3 d7d6 d2d4 b8d7
957,e2e4 e7e5 g1f3 d7d6 d2d4 b8d7 f1c4 c7c6 e1g1
958,e2e4 e7e5 g1f3 d7d6 d2d4 b8d7 f1c4 c7c6 b1c3
959,e2e4 e7e5 g1f3 d7d6 d2d4 b8d7 f1c4 c7c6 e1g1 f8e7 d4e5
960,e2e4 e7e5 g1f3 d7d6 d2d4 e5d4 f3d4 g7g6
961,e2e4 e7e5 g1f3 d7d6 d2d4 b8d7 b1c3 g8f6
962,e2e4 e7e5 g1f3 d7d6 d2d4 g8f6 b1c3 b8d7 f1c4 f8e7 c4f7
963,e2e4 e7e5 g1f3 d7d6 d2d4 g8f6 b1c3 b8d7 f1c4 f8e7 f3g5 e8g8 c4f7 f8f7 g5e6
964,e2e4 e7e5 g1f3 d7d6 d2d4 b8d7 b1c3 g8f6 f1e2 f8e7 e1g1 c7c6
965,e2e4 e7e5 g1f3 d7d6 d2d4 b8d7 b1c3 g8f6 f1c4 f8e7 e1g1 h7h6
966,e2e4 e7e5 g1f3 d7d6 d2d4 b8d7 b1c3 g8f6 g2g4
967,e2e4 e7e5 g1f3 d7d6 d2d4 g8f6 b1c3 b8d7 f1c4 f8e7 e1g1 e8g8 d1e2 c7c6 a2a4 e5d4
968,e2e4 e7e5 g1f3 d7d6 d2d4 e5d4 f1c4
969,e2e4 e7e5 g1f3 d7d6 d2d4 g8f6 d4e5
970,e2e4 e7e5 g1f3 d7d6 d2d4 g8f6
971,e2e4 e7e5 g1f3 d7d6 d2d4 g8f6 d4e5 f6e4 d1d5
972,e2e4 d7d6 d2d4 g8f6 b1c3 g7g6 c1e3 c7c6 d1d2
973,e2e4 d7d6 d2d4 g8f6 b1c3 g7g6 c1e3 c7c6 h2h3
974,e2e4 d7d6 d2d4 g8f6 b1c3 g7g6 f2f4
975,e2e4 d7d6 d2d4 g8f6 b1c3 g7g6 f2f4 f8g7 g1f3 e8g8
976,e2e4 d7d6 d2d4 g8f6 b1c3 g7g6 f2f4 f8g7 g1f3 c7c5
977,e2e4 d7d6 d2d4 g8f6 b1c3 g7g6 f2f4 f8g7 g1f3 e8g8 c1e3
978,e2e4 d7d6 d2d4 g8f6 b1c3 g7g6 f2f4 f8g7 f1c4
979,e2e4 d7d6 d2d4 g8f6 b1c3 g7g6 f2f4 f8g7 g1f3 e8g8 e4e5
980,e2e4 d7d6 d2d4 g8f6 b1c3 g7g6 f2f4 f8g7 g1f3 e8g8 e4e5 f6d7 h2h4
981,e2e4 d7d6 d2d4 g8f6 b1c3 g7g6 f2f4 f8g7 g1f3 e8g8 f1d3
982,e2e4 d7d6 d2d4 g8f6 b1c3 g7g6 f1e2 f8g7 h2h4
983,e2e4 d7d6 d2d4 g8f6 b1c3 g7g6 c1g5
984,e2e4 d7d6 d2d4 g8f6 b1c3 g7g6 f1e2 f8g7 g2g4
985,e2e4 d7d6 d2d4 g8f6 b1c3 g7g6 f1e2
986,e2e4 d7d6 d2d4 g8f6 b1c3 g7g6 g1f3
987,e2e4 d7d6 d2d4 g8f6 b1c3 g7g6 g1f3 f8g7 f1e2
988,e2e4 d7d6 d2d4 g8f6 b1c3 g7g6 g1f3 f8g7 f1e2 e8g8 e1g1 b8c6
989,e2e4 d7d6 d2d4 g8f6 b1c3 g7g6 g1f3 f8g7 f1e2 e8g8 e1g1 c7c6
990,e2e4 d7d6 d2d4 g8f6 b1c3 g7g6 g1f3 f8g7 f1e2 e8g8 e1g1 c8g4
991,e2e4 d7d6 d2d4 g8f6 b1c3 g7g6 g1f3 f8g7 h2h3
992,e2e4 d7d6 d2d4 g8f6 b1c3 g7g6 g1f3 f8g7
993,e2e4 d7d6 d2d4 g8f6
994,e2e4 d7d6 d2d4 g8f6 b1c3 g7g6 f1c4
995,d2d4 b7b5
996,b2b4 e7e5 c1b2 d7d6
997,b2b4 d7d5 c1b2 c8f5
998,b2b4 e7e5 a2a3
999,b2b4
1000,b2b4 d7d5 c1b2 d8d6
1001,b2b4 g8f6 c1b2 g7g6
1002,b2b4 g8f6 c1b2 g7g6 c2c4 f8g7 e2e3 d7d6 g1f3 e8g8 d2d4
1003,b2b4 c7c6
1004,b2b4 g8f6 c1b2 d7d5 e2e3 e7e6 b4b5
1005,b2b4 e7e5 c1b2 f7f6 e2e4
1006,b2b4 g8f6 g1f3
1007,e2e4 e7e5 g1f3 b8c6 c2c3 d7d5 d1a4 c8d7
1008,e2e4 e7e5 g1f3 b8c6 c2c3
1009,e2e4 e7e5 g1f3 b8c6 c2c3 g8f6
1010,e2e4 e7e5 g1f3 b8c6 c2c3 f7f5
1011,e2e4 e7e5 g1f3 b8c6 c2c3 d7d5 d1a4 f7f6
1012,e2e4 e7e5 f1b5
1013,e2e4 g7g6 d2d4 f8g7 b1c3 c7c5 c1e3
1014,e2e4 g7g6 d2d4 f8g7 b1c3 c7c5 d4d5
1015,e2e4 g7g6 d2d4 f8g7 b1c3 c7c5 d4c5 d8a5
1016,e2e4 g7g6 d2d4 f8g7 b1c3 c7c5 d4c5 g7c3 b2c3 d8a5
1017,d2d4 g7g6 c2c4 f8g7 b1c3 c7c5 e2e3
1018,e2e4 g7g6 d2d4 f8g7 b1c3 c7c5 g1f3 d8a5 c1e3
1019,e2e4 g7g6 d2d4 f8g7 b1c3 c7c5 g1f3 d8a5 d4c5
1020,e2e4 g7g6 d2d4 f8g7 g1f3 c7c5 d4c5 d8a5
1021,d2d4 c7c6 c2c4 d7d6
1022,d2d4 d7d5 g1f3 c8g4
1023,d2d4 g8f6 g1f3 g7g6 b1c3 d7d5 c1f4 f8g7 e2e3 e8g8 f1e2
1024,d2d4 d7d5 g1f3 b8c6
1025,d2d4 d7d5 g1f3 g8f6 e2e3
1026,d2d4 d7d5 g1f3 g8f6 e2e3 c8f5
1027,d2d4 g8f6 g1f3 g7g6 e2e3 f8g7 f1d3 d7d5
1028,d2d4 e7e6 e2e4 c7c5
1029,d2d4 d7d5
1030,d2d4 g8f6 b1c3 d7d5 e2e4 f6e4
1031,d2d4 d7d5 c1g5
1032,d2d4 d7d5 c1g5 h7h6 g5h4 c7c6 g1f3 d8b6
1033,d2d4 d7d5 g1f3 g8f6 c1f4
1034,d2d4 d7d5 f2f4
1035,d2d4 b7b6
1036,d2d4 d7d5 c1f4
1037,d2d4 d7d5 c1f4 c7c5
1038,d2d4 d7d5 e2e3 g8f6 f1d3
1039,d2d4 d7d5 g1f3 g8f6
1040,d2d4 d7d5 g1f3 g8f6 g2g3
1041,d2d4 d7d5 g1f3 g8f6 c1g5
1042,d2d4 d7d5 g1f3 g8f6 c1g5 f6e4
1043,d2d4 d7d5 g1f3 g8f6 c1g5 g7g6
1044,d2d4 d7d5 g1f3 g8f6 c1g5 g7g6 e2e3 f8g7 b1d2 e8g8
1045,d2d4 d7d5 b1c3 c8f5
1046,d2d4 d7d5 b1c3 g8f6 c1g5 f6e4
1047,d2d4 d7d5 b1c3 g8f6 c1g5 e7e6 g1f3
1048,d2d4 d7d5 b1c3 f7f5
1049,d2d4 d7d5 b1c3 g8f6 c1g5 c8f5 f2f3
1050,d2d4 d7d5 b1c3 g8f6 c1g5 c8f5 g5f6
1051,d2d4 d7d5 b1c3
1052,d2d4 d7d5 b1c3 g8f6 c1g5 b8d7 g1f3
1053,d2d4 d7d5 b1c3 g8f6 c1g5 b8d7 g1f3 g7g6
1054,d2d4 d7d5 g1f3
1055,d2d4
1056,d2d4 d7d5 c2c4 d5c4 d1a4
1057,d2d4 d7d5 c2c4 d5c4 g1f3 a7a6
1058,d2d4 d7d5 c2c4 d5c4 g1f3 a7a6 e2e4
1059,d2d4 d7d5 c2c4 d5c4 g1f3 a7a6 e2e3 b7b5
1060,d2d4 d7d5 c2c4 d5c4 g1f3 g8f6 b1c3 a7a6 e2e4
1061,d2d4 d7d5 c2c4 d5c4 e2e4 g8f6
1062,d2d4 d7d5 c2c4 d5c4 e2e4 b7b5
1063,d2d4 d7d5 c2c4 d5c4 e2e4 e7e5
1064,d2d4 d7d5 c2c4 d5c4 e2e4 b8c6
1065,d2d4 d7d5 c2c4 d5c4 e2e4 c7c5
1066,d2d4 d7d5 c2c4 d5c4 g1f3 g8f6 e2e3 e7e6 f1c4 c7c5
1067,d2d4 d7d5 c2c4 d5c4 g1f3 g8f6 e2e3 e7e6 f1c4 c7c5 e1g1 a7a6 d1e2
1068,d2d4 d7d5 c2c4 d5c4 g1f3 g8f6 e2e3 e7e6 f1c4 c7c5 e1g1 a7a6 d1e2 b7b5
1069,d2d4 d7d5 c2c4 d5c4 g1f3 g8f6 e2e3 e7e6 f1c4 c7c5 e1g1 a7a6 d1e2 b7b5 c4b3 c8b7
1070,d2d4 d7d5 c2c4 d5c4 g1f3 g8f6 e2e3 e7e6 f1c4 c7c5 e1g1 a7a6
1071,d2d4 d7d5 c2c4 d5c4 g1f3 g8f6 e2e3 e7e6 f1c4 c7c5 e1g1
1072,d2d4 d7d5 c2c4 d5c4 g1f3 g8f6 e2e3 e7e6 f1c4 c7c5 e1g1 a7a6 a2a4
1073,d2d4 d7d5 c2c4 d5c4 g1f3 g8f6 e2e3 e7e6 f1c4 c7c5 e1g1 a7a6 e3e4
1074,d2d4 d7d5 c2c4 d5c4 g1f3 g8f6 e2e3 e7e6 f1c4 c7c5 e1g1 b8c6
1075,d2d4 d7d5 c2c4 d5c4 g1f3 g8f6 e2e3 e7e6 f1c4 c7c5 e1g1 c5d4
1076,d2d4 d7d5 g1f3 g8f6 c2c4 d5c4
1077,d2d4 d7d5 c2c4 d5c4 g1f3 g8f6 e2e3 e7e6 f1c4 c7c5 e1g1 a7a6 d4c5 f8c5
1078,d2d4 d7d5 c2c4 d5c4
1079,d2d4 d7d5 c2c4 d5c4 g1f3 c7c5
1080,d2d4 d7d5 c2c4 d5c4 b1c3 c7c5 d4d5 g8f6 g1f3 e7e6 e2e4 e6d5 e4e5
1081,d2d4 d7d5 c2c4 d5c4 g1f3 g8f6 e2e3 c8g4
1082,d2d4 d7d5 c2c4 d5c4 e2e4 c7c5 d4d5 g8f6 b1c3 b7b5
1083,d2d4 d7d5 c2c4 d5c4 g1f3 g8f6 d1a4
1084,d2d4 d7d5 c2c4 d5c4 g1f3
1085,d2d4 d7d5 c2c4 d5c4 g1f3 g8f6 e2e3
1086,d2d4 d7d5 c2c4 d5c4 g1f3 g8f6 e2e3 e7e6
1087,d2d4 d7d5 c2c4 d5c4 e2e3
1088,d2d4 d7d5 c2c4 d5c4 g1f3 e7e6
1089,d2d4 d7d5 c2c4 d5c4 e2e4
1090,d2d4 d7d5 c2c4 d5c4 g1f3 g8f6 b1c3
1091,d2d4 d7d5 c2c4 d5c4 g1f3 g8f6 e2e3 g7g6
1092,d2d4 d7d5 c2c4 d5c4 g1f3 g8f6 e2e3 c8e6
1093,d2d4 d7d5 c2c4 e7e6 b1c3 g8f6 c1g5 f8e7 e2e3 e8g8 g1f3 h7h6 g5f6
1094,d2d4 d7d5 c2c4 e7e6 b1c3 g8f6 c1g5 f8e7 e2e3 e8g8 g1f3 h7h6 g5f6 e7f6 a1c1 c7c6 f1d3 b8d7 e1g1 d5c4 d3c4
1095,d2d4 d7d5 c2c4 e7e6 b1c3 g8f6 g1f3 b8d7
1096,d2d4 d7d5 c2c4 e7e6 b1c3 g8f6 c1g5 b8d7 g1f3 c7c6 e2e3 d8a5
1097,d2d4 d7d5 c2c4 e7e6 g1f3 g8f6 c1g5 h7h6
1098,d2d4 d7d5 c2c4 e7e6 g1f3 g8f6 c1g5 b8d7 e2e3 c7c6 b1d2
1099,d2d4 d7d5 c2c4 e7e6 b1c3 f8e7
1100,d2d4 d7d5 c2c4 e7e6 b1c3 g8f6 c4d5
1101,d2d4 d7d5 c2c4 e7e6 b1c3 g8f6 c4d5 e6d5 c1g5 c7c6
1102,d2d4 d7d5 c2c4 e7e6 b1c3 g8f6 c4d5 e6d5 c1g5
1103,d2d4 d7d5 c2c4 e7e6 b1c3 g8f6 c4d5 e6d5 c1g5 c7c6 d1c2
1104,d2d4 d7d5 c2c4 e7e6 b1c3 g8f6 c4d5 e6d5 g1f3 b8d7 c1f4
1105,d2d4 d7d5 c2c4 e7e6
1106,d2d4 d7d5 c2c4 e7e6 b1c3 g8f6 g1f3 f8e7 c1f4
1107,d2d4 d7d5 c2c4 e7e6 b1c3 g8f6 c1f4
1108,d2d4 d7d5 c2c4 e7e6 b1c3 g8f6 g1f3 f8e7 c1f4 e8g8 e2e3 b7b6
1109,d2d4 d7d5 c2c4 e7e6 b1c3 g8f6 g1f3 f8e7 c1f4 e8g8 e2e3 c7c5 d4c5 e7c5
1110,d2d4 d7d5 c2c4 e7e6 b1c3 g8f6 g1f3 f8e7 c1f4 e8g8 e2e3 c7c5 d4c5 e7c5 d1c2 b8c6 a2a3 d8a5 e1c1
1111,d2d4 d7d5 c2c4 e7e6 b1c3 g8f6 g1f3 f8e7 c1f4 e8g8 e2e3 c7c5 d4c5 e7c5 d1c2 b8c6 a2a3 d8a5 a1d1
1112,d2d4 d7d5 c2c4 e7e6 b1c3 g8f6 g1f3 f8e7 c1f4 e8g8 e2e3 c7c6
1113,d2d4 d7d5 c2c4 e7e6 b1c3 g8f6 g1f3 f8e7 c1f4 e8g8 e2e3 b8d7
1114,d2d4 d7d5 c2c4 e7e6 b1c3 g8f6 g1f3 f8e7 c1f4 e8g8 e2e3 b8d7 c4c5
1115,d2d4 d7d5 c2c4 e7e6 g1f3 g8f6 c1g5 h7h6 g5f6 d8f6 b1c3 c7c6 d1b3
1116,d2d4 d7d5 c2c4 e7e6 b1c3 a7a6
1117,d2d4 d7d5 c2c4 e7e6 b1c3 g8f6 c1g5 f8e7 e2e3 e8g8 g1f3 h7h6 g5h4 f6e4
1118,d2d4 d7d5 c2c4 e7e6 b1c3 g8f6 c1g5 f8e7 e2e3 e8g8 g1f3 h7h6 g5h4 f6e4 h4e7 d8e7 c4d5 e4c3 b2c3
1119,d2d4 d7d5 c2c4 e7e6 b1c3 g8f6 c1g5 f8e7 e2e3 e8g8 g1f3 h7h6 g5h4 f6e4 h4e7 d8e7 d1c2
1120,d2d4 d7d5 c2c4 e7e6 b1c3 g8f6 c1g5 b8d7 e2e3 f8b4
1121,d2d4 d7d5 c2c4 e7e6 b1c3 g8f6 c1g5 f8e7 g1f3 e8g8 d1c2
1122,d2d4 d7d5 c2c4 e7e6 b1c3 g8f6 c1g5
1123,d2d4 d7d5 c2c4 e7e6 b1c3 g8f6 c1g5 f8e7 e2e3 e8g8 g1f3
1124,d2d4 d7d5 c2c4 e7e6 b1c3 g8f6 c1g5 b8d7 e2e3 c7c6
1125,d2d4 d7d5 c2c4 e7e6 b1c3 g8f6 c1g5 b8d7
1126,d2d4 d7d5 c2c4 e7e6 b1c3 g8f6 c1g5 b8d7 e2e3
1127,d2d4 d7d5 c2c4 e7e6 b1c3 g8f6 c1g5 f8e7 e2e3 e8g8 a1c1
1128,d2d4 d7d5 c2c4 e7e6 b1c3 g8f6 c1g5 f8e7 e2e3 e8g8 g1f3 h7h6
1129,d2d4 d7d5 c2c4 e7e6 b1c3 g8f6 c1g5 f8e7 e2e3 e8g8 g1f3 h7h6 g5h4
1130,d2d4 d7d5 c2c4 e7e6 b1c3 g8f6
1131,d2d4 d7d5 c2c4 e7e6 b1c3 g8f6 c1g5 f8e7 e2e3 e8g8 g1f3 b8d7 a1c1 c7c6 f1d3 d5c4 d3c4 f6d5 g5e7 d8e7 c3e4
1132,d2d4 d7d5 c2c4 e7e6 b1c3 g8f6 c1g5 f8e7 e2e3 e8g8 g1f3 b8d7 f1d3
1133,d2d4 d7d5 c2c4 e7e6 b1c3 g8f6 c1g5 f8e7 e2e3 e8g8 g1f3 b8d7 a1c1 c7c6 f1d3 d5c4 d3c4 f6d5 g5e7 d8e7 e1g1 d5c3 c1c3 e6e5
1134,d2d4 d7d5 c2c4 e7e6 b1c3 g8f6 c1g5 f8e7 e2e3 e8g8 g1f3 b8d7 a1c1 c7c6 f1d3 d5c4 d3c4 f6d5 g5e7 d8e7 e1g1 d5c3 c1c3 e6e5 d1c2
1135,d2d4 d7d5 c2c4 e7e6 b1c3 g8f6 c1g5 f8e7 e2e3 e8g8 g1f3 b8d7 a1c1 c7c6 f1d3 d5c4 d3c4 f6d5 g5e7 d8e7 e1g1 d5c3 c1c3 e6e5 d4e5 d7e5 f3e5
1136,d2d4 d7d5 c2c4 e7e6 b1c3 g8f6 c1g5 f8e7 e2e3 e8g8 g1f3 b8d7 a1c1 c7c6 f1d3 d5c4 d3c4 b7b5
1137,d2d4 d7d5 c2c4 e7e6 b1c3 g8f6 c1g5 f8e7 e2e3 e8g8 g1f3 b8d7
1138,d2d4 d7d5 c2c4 e7e6 b1c3 g8f6 c1g5 f8e7 e2e3 e8g8 g1f3 b8d7 a1c1 a7a6
1139,d2d4 d7d5 c2c4 e7e6 b1c3 g8f6 c1g5 f8e7 e2e3 e8g8 g1f3 b8d7 a1c1 c7c6
1140,d2d4 d7d5 c2c4 e7e6 b1c3 g8f6 c1g5 f8e7 e2e3 e8g8 g1f3 b8d7 a1c1
1141,d2d4 d7d5 c2c4 e7e6 b1c3 g8f6 c1g5 f8e7 e2e3 e8g8 g1f3 b8d7 a1c1 c7c6 f1d3 d5c4 d3c4 f6d5 g5e7 d8e7 e1g1
1142,d2d4 d7d5 c2c4 e7e6 b1c3 g8f6 c1g5 f8e7 e2e3 e8g8 g1f3 b8d7 a1c1 b7b6 c4d5 e6d5 f1d3
1143,d2d4 d7d5 c2c4 e7e6 b1c3 g8f6 c1g5 f8e7 e2e3 e8g8 g1f3 b8d7 d1c2
1144,d2d4 d7d5 c2c4 e7e6 b1c3 g8f6 c1g5 f8e7 e2e3 e8g8 g1f3 b8d7 d1c2 c7c5 c4d5
1145,d2d4 d7d5 c2c4 e7e6 b1c3 g8f6 c1g5 c7c5 c4d5
1146,d2d4 d7d5 c2c4 e7e6 b1c3
1147,d2d4 d7d5 c2c4 e7e6 b1c3 g8f6 g1f3 f8b4
1148,d2d4 d7d5 c2c4 e7e6 b1c3 g8f6 g1f3 f8b4 d1a4
1149,d2d4 d7d5 c2c4 e7e6 b1c3 g8f6 g1f3 f8b4 c1g5 d5c4
1150,d2d4 d7d5 c2c4 e7e6 b1c3 g8f6 g1f3 c7c5
1151,d2d4 d7d5 c2c4 e7e6 b1c3 g8f6 g1f3 c7c5 c4d5 f6d5 e2e4
1152,d2d4 d7d5 c2c4 e7e6 b1c3 g8f6 g1f3 c7c5 c4d5 f6d5 e2e3 b8c6 f1d3
1153,d2d4 d7d5 c2c4 e7e6 b1c3 g8f6 g1f3 c7c5 c1g5
1154,d2d4 d7d5 c2c4 e7e6 b1c3 g8f6 g1f3 c7c5 c4d5 f6d5 e2e3
1155,d2d4 d7d5 c2c4 e7e6 g1f3 g8f6 e2e3 c7c6 b1d2 b8d7 f1d3 c6c5
1156,d2d4 d7d5 c2c4 e7e6 g1f3 c7c5
1157,d2d4 d7d5 c2c4 e7e6 g1f3 c7c5 c4d5 e6d5 c1g5
1158,d2d4 d7d5 c2c4 e7e6 b1c3 g8f6 c1g5 f8e7 e2e3 e8g8 g1f3 h7h6 g5h4 b7b6
1159,d2d4 d7d5 c2c4 e7e6 b1c3 g8f6 c1g5 f8e7 e2e3 e8g8 g1f3 h7h6 g5h4 b7b6 c4d5 f6d5
1160,d2d4 d7d5 c2c4 e7e6 b1c3 g8f6 c1g5 f8e7 e2e3 e8g8 g1f3 h7h6 g5h4 b7b6 c4d5 e6d5
1161,d2d4 d7d5 c2c4 e7e6 b1c3 g8f6 g1f3
1162,d2d4 d7d5 c2c4 e7e6 g1f3 g8f6 c1g5
1163,d2d4 d7d5 c2c4 e7e6 b1c3 g8f6 g1f3 d5c4
1164,d2d4 d7d5 c2c4 e7e6 g1f3 g8f6 c1g5 f8b4
1165,d2d4 d7d5 c2c4 e7e6 b1c3 g8f6 g1f3 d5c4 e2e3
1166,d2d4 d7d5 c2c4 e7e6 b1c3 g8f6 c1g5 b8d7 e2e3 f8b4 g1f3 c7c5
1167,d2d4 d7d5 c2c4 e7e5
1168,d2d4 d7d5 c2c4 e7e5 d4e5 d5d4 g1f3 b8c6 g2g3
1169,d2d4 d7d5 c2c4 e7e5 d4e5 d5d4 g1f3 b8c6 g2g3 c8e6
1170,d2d4 d7d5 c2c4 e7e5 d4e5 d5d4 g1f3 b8c6 g2g3 c8g4
1171,d2d4 d7d5 c2c4 e7e5 d4e5 d5d4 g1f3 b8c6 b1d2
1172,d2d4 d7d5 c2c4 e7e5 d4e5 d5d4 g1f3
1173,d2d4 d7d5 c2c4 c7c5
1174,d2d4 d7d5 c2c4 c8f5
1175,d2d4 d7d5 c2c4 c8f5 c4d5 f5b1 d1a4 c7c6 d5c6 b8c6
1176,d2d4 d7d5 c2c4 c8f5 b1c3 e7e6 g1f3 b8c6
1177,d2d4 d7d5 c2c4 c8f5 b1c3 e7e6 g1f3 c7c6
1178,d2d4 d7d5 c2c4 c8f5 d1b3
1179,d2d4 d7d5 c2c4 b8c6
1180,d2d4 d7d5 c2c4 b8c6 c4d5 d8d5
1181,d2d4 d7d5 c2c4 b8c6 c4d5 d8d5 e2e3 e7e5 b1c3 f8b4 c1d2 b4c3 d2c3 e5d4 g1e2
1182,d2d4 d7d5 c2c4 b8c6 b1c3 d5c4 g1f3
1183,d2d4 d7d5 c2c4 b8c6 g1f3 e7e5
1184,d2d4 d7d5 c2c4 b8c6 g1f3 c8g4
1185,d2d4 d7d5 c2c4 b8c6 b1c3 g8f6 g1f3 d5c4
1186,d2d4 d7d5 c2c4 b8c6 b1c3 e7e5
1187,d2d4 d7d5 c2c4 g8f6
1188,d2d4 g8f6 c2c4 e7e6 g1f3 b7b6 g2g3 c8b7 f1g2 f8e7 b1c3
1189,d2d4 g8f6 c2c4 e7e6 g1f3 b7b6 g2g3 c8b7 f1g2 f8b4
1190,d2d4 g8f6 c2c4 e7e6 g1f3 b7b6 g2g3 c8b7 f1g2 f8e7 e1g1
1191,d2d4 g8f6 c2c4 e7e6 g1f3 b7b6 g2g3 c8b7 f1g2 f8e7 e1g1 e8g8 d4d5 e6d5 f3h4
1192,d2d4 g8f6 c2c4 e7e6 g1f3 b7b6 g2g3 c8b7 f1g2 f8e7 e1g1 e8g8 b1c3 b8a6
1193,d2d4 g8f6 c2c4 e7e6 g1f3 b7b6 g2g3 c8b7 f1g2 f8e7 e1g1 e8g8 b1c3
1194,d2d4 g8f6 c2c4 e7e6 g1f3 b7b6 g2g3 c8b7 f1g2 f8e7 e1g1 e8g8 b1c3 f6e4 d1c2 e4c3 c2c3
1195,d2d4 g8f6 c2c4 e7e6 g1f3 b7b6 g2g3 c8b7 f1g2 f8e7 e1g1 e8g8 b1c3 d7d5
1196,d2d4 g8f6 c2c4 e7e6 g1f3 b7b6 g2g3 c8b7 f1g2 f8e7 e1g1 e8g8 b2b3
1197,d2d4 g8f6 c2c4 e7e6 g1f3 b7b6 g2g3 c8b7
1198,d2d4 g8f6 c2c4 e7e6 g1f3 b7b6 g2g3 c8a6 b2b3 f8b4
1199,d2d4 g8f6 c2c4 e7e6 g1f3 b7b6 g2g3 c8a6 b2b3 f8b4 c1d2 b4e7
1200,d2d4 g8f6 c2c4 e7e6 g1f3 b7b6 g2g3
1201,d2d4 g8f6 c2c4 e7e6 g1f3 b7b6 g2g3 c8b7 f1g2 f8e7 e1g1 e8g8 f1e1
1202,d2d4 g8f6 c2c4 e7e6 g1f3 b7b6 g2g3 c8a6
1203,d2d4 g8f6 c2c4 e7e6 g1f3 b7b6 g2g3 c8a6 d1a4
1204,d2d4 g8f6 c2c4 e7e6 g1f3 b7b6 g2g3 c8a6 b2b3
1205,d2d4 g8f6 c2c4 e7e6 g1f3 b7b6 g2g3 c8a6 d1b3
1206,d2d4 g8f6 c2c4 e7e6 g1f3 b7b6 g2g3 c8b7 f1g2 c7c5 d4d5 e6d5 f3h4
1207,d2d4 g8f6 c2c4 e7e6 g1f3 b7b6 g2g3 c8b7 f1g2 c7c5
1208,d2d4 g8f6 c2c4 e7e6 g1f3 b7b6
1209,d2d4 g8f6 c2c4 e7e6 g1f3 b7b6 b1c3
1210,d2d4 g8f6 c2c4 e7e6 g1f3 b7b6 b1c3 c8b7 c1g5 h7h6 g5h4 g7g5 h4g3 f6h5
1211,d2d4 g8f6 c2c4 e7e6 g1f3 b7b6 b1c3 c8b7 c1g5 h7h6 g5h4 f8b4
1212,d2d4 g8f6 c2c4 e7e6 g1f3 b7b6 b1c3 c8b7 a2a3
1213,d2d4 g8f6 c2c4 e7e6 g1f3 b7b6 b1c3 c8b7 a2a3 f6e4
1214,d2d4 g8f6 c2c4 e7e6 g1f3 b7b6 b1c3 c8b7 a2a3 d7d5 c4d5 e6d5
1215,d2d4 g8f6 c2c4 e7e6 g1f3 b7b6 b1c3 c8b7 a2a3 g7g6
1216,d2d4 g8f6 c2c4 e7e6 g1f3 b7b6 b1c3 c8b7 a2a3 d7d5 c4d5 f6d5 d1c2
1217,d2d4 g8f6 c2c4 e7e6 g1f3 b7b6 b1c3 c8b7 a2a3 d7d5
1218,d2d4 g8f6 c2c4 e7e6 g1f3 b7b6 b1c3 c8b7 a2a3 f8e7
1219,d2d4 g8f6 c2c4 e7e6 g1f3 b7b6 b1c3 c8b7 a2a3 d7d5 c4d5 f6d5 e2e3
1220,d2d4 g8f6 c2c4 e7e6 g1f3 b7b6 b1c3 c8b7 a2a3 d7d5 c4d5 f6d5 d1a4
1221,d2d4 g8f6 c2c4 e7e6 g1f3 b7b6 b1c3 c8b7 a2a3 d7d5 c4d5 f6d5 c1d2
1222,d2d4 g8f6 c2c4 e7e6 g1f3 b7b6 c1f4
1223,d2d4 g8f6 c2c4 e7e6 g1f3 b7b6 g2g3 c8b7 f1g2 f8e7 b1c3 f6e4 c1d2
1224,d2d4 g8f6 c2c4 e7e6 g1f3 b7b6 a2a3
1225,d2d4 g8f6 c2c4 e7e6 g1f3 b7b6 a2a3 c8a6 d1c2 a6b7
1226,d2d4 g8f6 c2c4 e7e6 g1f3 b7b6 g2g3 c8b7 f1g2 f8b4 c1d2 b4e7
1227,d2d4 g8f6 c2c4 e7e6 g1f3 b7b6 e2e3
1228,d2d4 g8f6 c2c4 e7e6 g1f3 b7b6 g2g3 c8b7 f1g2 f8b4 c1d2 a7a5
1229,e2e4 g7g6 d2d4 d7d6 b1c3 c7c6
1230,e2e4 d7d6 d2d4 b8d7
1231,d2d4 d7d6 c2c4 e7e5
1232,e2e4 d7d6 f2f4
1233,d2d4 d7d6
1234,e2e4 d7d6 d2d4 e7e6
1235,g1f3 d7d5 c2c4 d5d4
1236,g1f3 d7d5 c2c4 d5d4 b2b4 c7c5
1237,g1f3 d7d5 c2c4 c7c6 b2b3 g8f6 c1b2 g7g6
1238,g1f3 d7d5 c2c4 c7c6 b2b3 c8g4
1239,g1f3 d7d5 c2c4 c7c6 b2b3
1240,g1f3 d7d5 c2c4 c7c6 b2b3 g8f6 c1b2
1241,g1f3 d7d5 c2c4 c7c6 b2b3 g8f6 c1b2 e7e6 g2g3 f8e7 f1g2 e8g8 e1g1
1242,g1f3 d7d5 c2c4 c7c6 b2b3 g8f6 c1b2 c8g4
1243,g1f3 d7d5 c2c4 c7c6 b2b3 g8f6 g2g3 c8f5
1244,g1f3 d7d5 c2c4 c7c6 b2b3 g8f6 c1b2 c8f5
1245,g1f3 d7d5 c2c4 c7c6 b2b3 g8f6 g2g3 c8g4
1246,g1f3 d7d5 c2c4
1247,g1f3 d7d5 c2c4 d5c4
1248,g1f3 d7d5 c2c4 d5d4 e2e3 c7c5 b2b4
1249,d2d4 d7d5 g1f3 g8f6 e2e3 e7e6 f1d3 c7c5 b2b3
1250,d2d4 d7d5 g1f3 g8f6 e2e3 e7e6 f1d3 c7c5 b2b3 b8c6 c1b2 f8d6 e1g1 e8g8
1251,d2d4 d7d5 g1f3 g8f6 e2e3 e7e6 f1d3 c7c5 b2b3 b8c6 c1b2 f8e7 e1g1 e8g8
1252,e2e4 e7e5 g1f3 g8f6 f3e5 d7d6 e5f3 f6e4 d2d4
1253,e2e4 e7e5 g1f3 g8f6 f3e5 d7d6 e5f3 f6e4 d2d4 d6d5 f1d3 f8e7 e1g1 b8c6 f1e1 c8g4 c2c3 f7f5 b1d2
1254,e2e4 e7e5 g1f3 g8f6 f3e5 d7d6 e5f3 f6e4 d2d4 d6d5 f1d3 f8e7 e1g1 b8c6 f1e1
1255,e2e4 e7e5 g1f3 g8f6 f3e5 d7d6 e5f3 f6e4 d2d4 d6d5 f1d3 f8e7 e1g1 b8c6 c2c4 c6b4 c4d5
1256,e2e4 e7e5 g1f3 g8f6 f3e5 d7d6 e5f3 f6e4 d2d4 d6d5 f1d3 f8e7 e1g1 b8c6 c2c4 c6b4 d3e2
1257,e2e4 e7e5 g1f3 g8f6 f3e5 d7d6 e5f3 f6e4 d2d4 d6d5 f1d3 f8e7 e1g1 b8c6 c2c4
1258,e2e4 e7e5 g1f3 g8f6 f3e5 d7d6 e5f3 f6e4 d2d4 d6d5 f1d3 f8d6
1259,e2e4 e7e5 g1f3 g8f6 f3e5 d7d6 e5f3 f6e4 d2d4 d6d5 f1d3 f8e7 e1g1 e8g8
1260,e2e4 e7e5 g1f3 g8f6 f3e5 d7d6 e5f3 f6e4 d2d4 d6d5 f1d3 b8c6
1261,e2e4 e7e5 g1f3 g8f6 f3e5 d7d6 e5f3 f6e4 d2d4 d6d5 f1d3 f8d6 e1g1 e8g8 c2c4 c7c6
1262,e2e4 e7e5 g1f3 g8f6 f3e5 d7d6 e5f7 e8f7 d2d4
1263,e2e4 e7e5 g1f3 g8f6 f3e5 d7d6 e5f3 f6e4 d1e2
1264,e2e4 e7e5 g1f3 g8f6 f3e5 f6e4 d1e2 d8e7
1265,e2e4 e7e5 g1f3 g8f6 f3e5 d7d6 e5f3 f6e4 d2d3
1266,e2e4 e7e5 g1f3 g8f6
1267,e2e4 e7e5 g1f3 g8f6 f3e5 d7d6 e5f3 f6e4 c2c4
1268,e2e4 e7e5 g1f3 g8f6 f3e5 d7d6 e5f3 f6e4 f1d3
1269,e2e4 e7e5 g1f3 g8f6 d2d4
1270,e2e4 e7e5 g1f3 g8f6 d2d4 e5d4 e4e5 f6e4 d1d4
1271,e2e4 e7e5 g1f3 g8f6 d2d4 f6e4 f1d3
1272,e2e4 e7e5 g1f3 g8f6 d2d4 f6e4 f1d3 b8c6
1273,e2e4 e7e5 g1f3 g8f6 d2d4 f6e4 f1d3 d7d5 f3e5 f8d6 e1g1 e8g8 c2c4 d6e5
1274,e2e4 e7e5 g1f3 g8f6 f3e5 d7d6 e5f3 f6e4 b1c3
1275,e2e4 e7e5 g1f3 g8f6 f3e5 d7d6 e5c4
1276,e2e4 e7e5 g1f3 g8f6 b1c3
1277,e2e4 e7e5 g1f3 g8f6 f1c4
1278,c2c3
1279,e2e4 d7d5 e4d5 d8d5 b1c3 d5a5 d2d4 e7e5
1280,e2e4 d7d5 e4d5 d8d5 b1c3 d5d6 d2d4 g8f6 g1f3 a7a6
1281,e2e4 d7d5 e4d5 d8d5 b1c3 d5a5 d2d4 g8f6 g1f3 c8f5
1282,e2e4 d7d5
1283,e2e4 d7d5 e4d5 d8d5 b1c3 d5a5 d2d4 g8f6 g1f3 c8f5 f3e5 c7c6 g2g4
1284,e2e4 d7d5 e4d5 d8d5 b1c3 d5d6
1285,e2e4 d7d5 e4d5 g8f6 c2c4 e7e6
1286,e2e4 d7d5 e4d5 g8f6 d2d4 f6d5 c2c4 d5b4
1287,e2e4 d7d5 e4d5 d8d5 b1c3 d5a5 d2d4 g8f6 g1f3 c8g4 h2h3
1288,e2e4 d7d5 e4d5 d8d5 b1c3 d5a5
1289,e2e4 d7d5 e4d5 d8d5 b1c3 d5a5 b2b4
1290,e2e4 d7d5 e4d5 d8d5 b1c3 d5a5 d2d4 g8f6
1291,e2e4 d7d5 e4d5 g8f6 d2d4 f6d5
1292,e2e4 d7d5 e4d5 d8d5
1293,e2e4 d7d5 e4d5 g8f6 d2d4
1294,e2e4 d7d5 e4d5 g8f6
1295,e2e4 d7d5 e4d5 g8f6 d2d4 f6d5 g1f3 c8g4
1296,e2e4 d7d5 e4d5 g8f6 c2c4 c7c6
1297,e2e4 d7d5 e4d5 g8f6 d2d4 c8g4
1298,e2e4 d7d5 e4d5 g8f6 d2d4 c8g4 f2f3 g4f5 f1b5 b8d7
1299,e2e4 d7d5 e4d5 g8f6 d2d4 f6d5 g1f3 g7g6
1300,e2e4 d7d5 e4d5 d8d5 b1c3 d5d6 d2d4 c7c6
1301,e2e4 e7e5 g1f3 b8c6 d2d4 e5d4 f3d4 f8c5
1302,e2e4 e7e5 g1f3 b8c6 d2d4 e5d4 f3d4 f8c5 c1e3 d8f6 c2c3 g8e7 d1d2
1303,e2e4 e7e5 g1f3 b8c6 d2d4 e5d4 f3d4 f8c5 d4c6 d8f6
1304,e2e4 e7e5 g1f3 b8c6 d2d4 e5d4 f3d4 f8c5 c1e3 d8f6 c2c3 f6g6
1305,e2e4 e7e5 g1f3 b8c6 d2d4
1306,e2e4 e7e5 g1f3 b8c6 d2d4 e5d4 f3d4
1307,e2e4 e7e5 g1f3 b8c6 d2d4 e5d4 c2c3
1308,e2e4 e7e5 g1f3 b8c6 d2d4 e5d4 c2c3 d4c3 f1c4
1309,e2e4 e7e5 g1f3 b8c6 d2d4 e5d4 c2c3 d4c3 b1c3 f8b4
1310,e2e4 e7e5 g1f3 b8c6 d2d4 e5d4 f1c4 f8c5
1311,e2e4 e7e5 g1f3 b8c6 d2d4 e5d4 f3d4 d8h4 d4b5
1312,e2e4 e7e5 g1f3 b8c6 d2d4 e5d4 f3d4 f8b4
1313,e2e4 e7e5 g1f3 b8c6 d2d4 e5d4 f3d4 f8c5 c1e3 d8f6 c2c3 g8e7 d4c2
1314,e2e4 e7e5 g1f3 b8c6 d2d4 e5d4 f3d4 g8f6 d4c6 b7c6 e4e5
1315,e2e4 e7e5 g1f3 b8c6 d2d4 e5d4 f3d4 d8h4 b1c3 f8b4
1316,e2e4 e7e5 g1f3 b8c6 d2d4 e5d4 f3d4 f8c5 d4b3
1317,e2e4 e7e5 g1f3 b8c6 d2d4 e5d4 f3d4 f8c5 d4b3 c5b4
1318,e2e4 e7e5 g1f3 b8c6 d2d4 e5d4 f3d4 g8f6
1319,e2e4 e7e5 g1f3 b8c6 d2d4 e5d4 f1c4
1320,e2e4 e7e5 g1f3 b8c6 d2d4 e5d4 f1c4 g8f6 e4e5
1321,e2e4 e7e5 g1f3 b8c6 d2d4 e5d4 f1c4 g8f6
1322,e2e4 e7e5 g1f3 b8c6 d2d4 e5d4 c2c3 d7d5
1323,e2e4 e7e5 g1f3 b8c6 d2d4 e5d4 f1c4 g8f6 e4e5 f6g4
1324,e2e4 e7e5 g1f3 b8c6 d2d4 e5d4 f1c4 f8b4
1325,e2e4 e7e5 g1f3 b8c6 d2d4 e5d4 f1c4 f8c5 f3g5
1326,e2e4 e7e5 g1f3 b8c6 d2d4 e5d4 f3d4 d8h4
1327,d2d4 d7d5 c2c4 e7e6 b1c3 g8f6 g1f3 c7c6 e2e3 a7a6
1328,d2d4 d7d5 c2c4 e7e6 b1c3 c7c6
1329,d2d4 d7d5 c2c4 e7e6 b1c3 g8f6 g1f3 c7c6 c1g5 d5c4
1330,d2d4 d7d5 c2c4 e7e6 b1c3 g8f6 g1f3 c7c6 c1g5 h7h6 g5h4
1331,d2d4 d7d5 c2c4 e7e6 b1c3 c7c6 e2e3 f7f5 g2g4
1332,d2d4 d7d5 c2c4 e7e6 b1c3 g8f6 g1f3 c7c6 e2e3 b8d7 f1d3 f8e7
1333,d2d4 d7d5 c2c4 e7e6 b1c3 g8f6 g1f3 c7c6 c1g5 d5c4 e2e4 b7b5 e4e5 h7h6 g5h4 g7g5 f3g5
1334,d2d4 d7d5 c2c4 e7e6 b1c3 g8f6 g1f3 c7c6 c1g5 d5c4 e2e4 b7b5 e4e5 h7h6 g5h4 g7g5 f3g5 f6d5
1335,d2d4 d7d5 c2c4 e7e6 b1c3 g8f6 g1f3 c7c6 c1g5 d5c4 e2e4 b7b5 e4e5 h7h6 g5h4 g7g5 e5f6 g5h4 f3e5
1336,d2d4 d7d5 c2c4 e7e6 b1c3 g8f6 g1f3 c7c6 c1g5 d5c4 e2e4 b7b5 e4e5 h7h6 g5h4 g7g5 f3g5 h6g5 h4g5 b8d7 g2g3
1337,d2d4 d7d5 c2c4 e7e6 b1c3 g8f6 g1f3 c7c6 c1g5 d5c4 e2e4
1338,d2d4 d7d5 c2c4 e7e6 b1c3 g8f6 g1f3 c7c6 e2e3 b8d7 f1d3 f8d6
1339,d2d4 d7d5 c2c4 e7e6 b1c3 g8f6 g1f3 c7c6
1340,d2d4 d7d5 c2c4 e7e6 b1c3 g8f6 g1f3 c7c6 e2e3 b8d7 f1d3
1341,d2d4 d7d5 c2c4 e7e6 b1c3 g8f6 g1f3 c7c6 e2e3
1342,d2d4 d7d5 c2c4 e7e6 b1c3 c7c6 e2e4
1343,d2d4 d7d5 c2c4 e7e6 b1c3 c7c6 e2e4 d5e4 c3e4 f8b4 e4c3
1344,d2d4 d7d5 c2c4 e7e6 b1c3 c7c6 e2e4 d5e4 c3e4 f8b4 c1d2
1345,d2d4 d7d5 c2c4 e7e6 b1c3 g8f6 g1f3 c7c6 e2e3 b8d7 f1d3 d5c4 d3c4 b7b5
1346,d2d4 d7d5 c2c4 e7e6 b1c3 g8f6 g1f3 c7c6 e2e3 b8d7 f1d3 d5c4 d3c4 b7b5 c4d3 a7a6
1347,d2d4 d7d5 c2c4 e7e6 b1c3 g8f6 g1f3 c7c6 e2e3 b8d7 f1d3 d5c4 d3c4 b7b5 c4d3 a7a6 e3e4 c6c5 e4e5 c5d4 c3b5
1348,d2d4 d7d5 c2c4 e7e6 b1c3 g8f6 g1f3 c7c6 e2e3 b8d7 f1d3 d5c4 d3c4 b7b5 c4d3 b5b4
1349,d2d4 d7d5 c2c4 e7e6 b1c3 g8f6 g1f3 c7c6 e2e3 b8d7 f1d3 d5c4 d3c4 b7b5 c4d3 a7a6 e3e4 c6c5 e4e5
1350,d2d4 d7d5 c2c4 e7e6 b1c3 g8f6 g1f3 c7c6 e2e3 b8d7 f1d3 d5c4 d3c4 b7b5 c4d3 a7a6 e3e4 c6c5 e4e5 c5d4 c3b5 f6g4
1351,d2d4 d7d5 c2c4 e7e6 b1c3 g8f6 g1f3 c7c6 e2e3 b8d7 f1d3 d5c4 d3c4 b7b5 c4d3 a7a6 e3e4 c6c5 d4d5
1352,d2d4 d7d5 c2c4 e7e6 b1c3 g8f6 g1f3 c7c6 e2e3 b8d7 f1d3 d5c4 d3c4 b7b5 c4d3 a7a6 e3e4 c6c5 e4e5 c5d4 c3b5 d7e5
1353,d2d4 d7d5 c2c4 e7e6 b1c3 g8f6 g1f3 c7c6 e2e3 b8d7 f1d3 d5c4 d3c4 b7b5 c4d3 c8b7
1354,d2d4 d7d5 c2c4 e7e6 b1c3 g8f6 g1f3 c7c6 e2e3 b8d7 f1d3 d5c4 d3c4 b7b5 c4d3 c8b7 e3e4 b5b4 c3a4 c6c5 e4e5 f6d5 e1g1 c5d4 f3d4
1355,d2d4 d7d5 c2c4 e7e6 b1c3 g8f6 g1f3 c7c6 e2e3 b8d7 f1d3 d5c4 d3c4 b7b5 c4d3 c8b7 e3e4 b5b4 c3a4 c6c5 e4e5 f6d5
1356,d2d4 d7d5 c2c4 e7e6 b1c3 g8f6 g1f3 c7c6 e2e3 b8d7
1357,d2d4 d7d5 c2c4 e7e6 b1c3 c7c6 g1f3 d5c4
1358,d2d4 d7d5 c2c4 e7e6 b1c3 c7c6 g1f3 d5c4 a2a4 f8b4 e2e3 b7b5 c1d2 a7a5 a4b5 b4c3 d2c3 c6b5 b2b3 c8b7
1359,d2d4 d7d5 g1f3 c7c6 c2c4 e7e6 b1c3 d5c4 g2g3
1360,d2d4 d7d5 c2c4 e7e6 g1f3 g8f6 e2e3 c7c6 b1d2 b8d7
1361,d2d4 d7d5 c2c4 e7e6 g1f3 g8f6 e2e3 c7c6 b1d2
1362,d2d4 d7d5 c2c4 e7e6 b1c3 g8f6 g1f3 c7c6 e2e3 b8d7 f1d3 f8b4
1363,d2d4 d7d5 c2c4 e7e6 b1c3 g8f6 g1f3 c7c6 e2e3 b8d7 f1d3 d5c4 d3c4
1364,d2d4 d7d5 c2c4 e7e6 b1c3 g8f6 g1f3 c7c6 e2e3 b8d7 d1c2
1365,d2d4 d7d5 c2c4 e7e6 b1c3 g8f6 g1f3 c7c6 e2e3 b8d7 d1c2 f8d6 e3e4
1366,d2d4 d7d5 c2c4 e7e6 b1c3 g8f6 g1f3 c7c6 e2e3 b8d7 d1c2 f8d6 g2g4
1367,e2e4 c7c5 g1f3 b8c6 d2d4 c5d4 f3d4 g7g6 d4c6
1368,e2e4 c7c5 g1f3 b8c6 d2d4 c5d4 f3d4 g7g6
1369,e2e4 c7c5 g1f3 b8c6 d2d4 c5d4 f3d4 g7g6 c2c4 f8g7 c1e3
1370,e2e4 c7c5 g1f3 b8c6 d2d4 c5d4 f3d4 g7g6 c2c4 f8g7 c1e3 g8f6 b1c3 f6g4
1371,e2e4 c7c5 g1f3 b8c6 d2d4 c5d4 f3d4 g7g6 c2c4
1372,e2e4 c7c5 g1f3 b8c6 d2d4 c5d4 f3d4 g7g6 c2c4 g8f6 b1c3 c6d4 d1d4 d7d6
1373,e2e4 c7c5 g1f3 b8c6 d2d4 c5d4 f3d4 g7g6 b1c3 f8g7 c1e3 g8f6 f1c4
1374,e2e4 c7c5 g1f3 b8c6 d2d4 c5d4 f3d4 g7g6 b1c3
1375,e2e4 c7c5 c2c3 d7d5 e4d5 d8d5
1376,e2e4 c7c5 c2c3 d7d5 e4d5 d8d5 d2d4 c5d4 c3d4 b8c6 g1f3 c8g4
1377,e2e4 c7c5 c2c3 d7d5 e4d5 d8d5 d2d4 c5d4 c3d4 b8c6 g1f3 e7e5 b1c3 f8b4 f1e2
1378,e2e4 c7c5 c2c3 d7d5 e4d5 d8d5 d2d4 g8f6 g1f3 c8g4
1379,e2e4 c7c5 c2c3
1380,e2e4 c7c5 c2c3 g8f6 e4e5 f6d5 d2d4 e7e6 g1f3 b8c6
1381,e2e4 c7c5 c2c3 g8f6 e4e5 f6d5 d2d4 c5d4
1382,e2e4 c7c5 c2c3 g8f6 e4e5 f6d5 g1f3 b8c6 f1c4 d5b6 c4b3
1383,e2e4 c7c5 c2c3 g8f6 e4e5 f6d5 g1f3 b8c6 f1c4 d5b6 c4b3 c5c4 b3c2 d8c7 d1e2 g7g5
1384,e2e4 c7c5 g1f3 d7d6 d2d4 c5d4 f3d4 g8f6 b1c3 b8c6 f1e2 e7e5 d4b3
1385,e2e4 c7c5 g1f3 d7d6 d2d4 c5d4 f3d4 g8f6 b1c3 b8c6 f1e2 e7e5
1386,e2e4 c7c5 g1f3 d7d6 d2d4 c5d4 f3d4 g8f6 b1c3 b8c6 f1e2 e7e5 d4c6
1387,e2e4 c7c5 f1c4
1388,e2e4 c7c5 g1f3 d7d6 f1b5
1389,e2e4 c7c5 g1f3 d7d6 f1b5 c8d7 b5d7 d8d7 e1g1 b8c6 c2c3 g8f6 d2d4
1390,e2e4 c7c5 g1f3 d7d6 f1b5 c8d7
1391,e2e4 c7c5 g1f3 d7d6 f1b5 b8c6 e1g1 c8d7 c2c3 a7a6 b5c6 d7c6 f1e1 g8f6 d2d4 c6e4 c1g5
1392,e2e4 c7c5 g1e2
1393,e2e4 c7c5 g1f3 d7d6 d2d4 c5d4 d1d4
1394,e2e4 c7c5 g1f3 d7d6 d2d4 c5d4 d1d4 b8c6 f1b5 d8d7
1395,e2e4 c7c5 g1f3 d7d6 d2d4 c5d4 f3d4 g8f6 b1c3 b8c6 f1e2
1396,e2e4 c7c5 g1f3 d7d6 d2d4 c5d4 f3d4 g8f6 b1c3 b8c6 f1c4 d8b6
1397,e2e4 c7c5 g1f3 d7d6 d2d4 c5d4 f3d4 g8f6 b1c3 b8c6 f1e2 c6d4 d1d4 g7g6
1398,e2e4 c7c5 g1f3 d7d6 d2d4 c5d4 f3d4 g8f6 b1c3 b8c6 g2g3
1399,e2e4 c7c5 g1f3 d7d6 d2d4 c5d4 f3d4 g8f6 b1c3 b8c6
1400,e2e4 c7c5 b1c3 b8c6 g1f3 e7e5 f1c4 d7d6 d2d3 f8e7 f3d2 e7g5
1401,e2e4 c7c5 b1c3 b8c6 g2g3 g7g6 f1g2 f8g7 d2d3 d7d6 f2f4
1402,e2e4 c7c5 b1c3 b8c6 g2g3 g7g6 f1g2 f8g7 d2d3 d7d6 c1e3
1403,e2e4 c7c5 b1c3
1404,e2e4 c7c5 b1c3 b8c6 g2g3 g7g6 f1g2 f8g7 d2d3 d7d6 f2f4 e7e5
1405,e2e4 c7c5 b1c3 b8c6 g2g3 g7g6 f1g2 f8g7 d2d3 d7d6 f2f4 e7e5 g1h3 g8e7
1406,e2e4 c7c5 b1c3 b8c6 g2g3 g7g6 f1g2 f8g7 d2d3 d7d6 g1e2 e7e5
1407,e2e4 c7c5 b1c3 b8c6 g1e2
1408,e2e4 c7c5 b1c3 b8c6 g2g3
1409,e2e4 c7c5 b1c3 e7e6 g2g3 d7d5
1410,e2e4 c7c5 b1c3 b8c6
1411,e2e4 c7c5 g1f3 e7e6 c2c3
1412,e2e4 c7c5 g1f3 d7d6 c2c3
1413,e2e4 c7c5 g1f3 d7d6 c2c3 g8f6 f1e2 b8c6 d2d4 c5d4 c3d4 f6e4 d4d5 d8a5 b1c3 e4c3 b2c3
1414,e2e4 c7c5 g1f3 d7d6 d2d4 c5d4 f3d4 g8f6 b1c3 g7g6 f1e2 f8g7 c1e3 b8c6 d4b3
1415,e2e4 c7c5 g1f3 d7d6 d2d4 c5d4 f3d4 g8f6 b1c3 g7g6 f1e2 f8g7 c1e3 b8c6 e1g1
1416,e2e4 c7c5 g1f3 d7d6 d2d4 c5d4 f3d4 g8f6 b1c3 g7g6 f1e2 f8g7 c1e3
1417,e2e4 c7c5 g1f3 d7d6 d2d4 c5d4 f3d4 g8f6 b1c3 g7g6 f1e2 f8g7 c1e3 b8c6
1418,e2e4 c7c5 g1f3 d7d6 d2d4 c5d4 f3d4 g8f6 b1c3 g7g6 f1e2 f8g7 c1e3 b8c6 e1g1 e8g8 d4b3 a7a5
1419,e2e4 c7c5 g1f3 d7d6 d2d4 c5d4 f3d4 g8f6 b1c3 g7g6 f1e2 f8g7 c1e3 b8c6 e1g1 e8g8 d1d2
1420,e2e4 c7c5 g1f3 d7d6 d2d4 c5d4 f3d4 g8f6 b1c3 g7g6 f1e2
1421,e2e4 c7c5 g1f3 d7d6 d2d4 c5d4 f3d4 g8f6 b1c3 g7g6 f1e2 f8g7 c1e3 b8c6 e1g1 e8g8 d4b3 c8e6 f2f4 c6a5
1422,e2e4 c7c5 g1f3 d7d6 d2d4 c5d4 f3d4 g8f6 b1c3 g7g6 f1e2 f8g7 c1e3 b8c6 e1g1 e8g8 d4b3
1423,e2e4 c7c5 g1f3 d7d6 d2d4 c5d4 f3d4 g8f6 b1c3 g7g6 f1e2 f8g7 c1e3 b8c6 e1g1 e8g8 d4b3 c8e6 f2f4 d8c8
1424,e2e4 c7c5 g1f3 d7d6 d2d4 c5d4 f3d4 g8f6 b1c3 g7g6 g2g3
1425,e2e4 c7c5 g1f3 d7d6 d2d4 c5d4 f3d4 g8f6 b1c3 g7g6
1426,e2e4 c7c5 g1f3 d7d6 d2d4 c5d4 f3d4 g8f6 b1c3 g7g6 f2f4
1427,e2e4 c7c5 g1f3 d7d6 d2d4 c5d4 f3d4 g8f6 b1c3 g7g6 f2f4 b8d7
1428,e2e4 c7c5 g1f3 d7d6 d2d4 c5d4 f3d4 g7g6 b1c3 f8g7 c1e3 g8f6 f1c4 b8c6
1429,e2e4 c7c5 g1f3 d7d6 d2d4 c5d4 f3d4 g8f6 b1c3 g7g6 c1e3 f8g7 f2f3 e8g8 d1d2 b8c6 f1c4 c8d7
1430,e2e4 c7c5 g1f3 d7d6 d2d4 c5d4 f3d4 g8f6 b1c3 g7g6 c1e3 f8g7 f2f3 e8g8
1431,e2e4 c7c5 g1f3 d7d6 d2d4 c5d4 f3d4 g8f6 b1c3 g7g6 c1e3 f8g7 f2f3 e8g8 d1d2 b8c6
1432,e2e4 c7c5 g1f3 d7d6 d2d4 c5d4 f3d4 g8f6 b1c3 g7g6 c1e3 f8g7 f2f3 e8g8 d1d2 b8c6 f1c4 c8d7 e1c1
1433,e2e4 c7c5 g1f3 d7d6 d2d4 c5d4 f3d4 g8f6 b1c3 g7g6 c1e3 f8g7 f2f3 b8c6
1434,e2e4 c7c5 g1f3 d7d6 d2d4 c5d4 f3d4 g8f6 b1c3 g7g6 c1e3 f8g7 f2f3 e8g8 d1d2 b8c6 f1c4 c6d4 e3d4 c8e6
1435,e2e4 c7c5 g1f3 d7d6 d2d4 c5d4 f3d4 g8f6 b1c3 g7g6 c1e3 f8g7 f2f3
1436,e2e4 c7c5 g1f3 d7d6 d2d4 c5d4 f3d4 g8f6 b1c3 g7g6 c1e3 f8g7 f2f3 e8g8 d1d2 b8c6 f1c4
1437,e2e4 c7c5 g1f3 d7d6 d2d4 c5d4 f3d4 g8f6 b1c3 g7g6 c1e3 f8g7 f2f3 e8g8 d1d2 b8c6 e1c1
1438,e2e4 c7c5 g1f3 d7d6 d2d4 c5d4 f3d4 g8f6 b1c3 g7g6 c1e3 f8g7 f2f3 e8g8 d1d2 b8c6 f1c4 c8d7 e1c1 a8c8
1439,e2e4 c7c5 g1f3 d7d6 d2d4 c5d4 f3d4 g8f6 b1c3 g7g6 c1e3 f8g7 f2f3 e8g8 d1d2 b8c6 g2g4
1440,e2e4 c7c5 g1f3 d7d6 d2d4 c5d4 f3d4 g8f6 b1c3 g7g6 c1e3 f8g7 f2f3 e8g8 d1d2 b8c6 f1c4 f6d7
1441,e2e4 c7c5 g1f3 e7e6 d2d4 a7a6
1442,e2e4 c7c5 g1f3 b8c6 d2d4 c5d4 f3d4 d8c7
1443,e2e4 c7c5 g1f3 e7e6 d2d4 c5d4 f3d4 g8f6 b1c3 b8c6
1444,e2e4 c7c5 g1f3 e7e6 d2d4 c5d4 f3d4 g8f6 b1c3 b8c6 d4b5 f8c5
1445,e2e4 c7c5 g1f3 e7e6 d2d4 c5d4 f3d4 g8f6 b1c3 b8c6 d4c6
1446,e2e4 c7c5 g1f3 b8c6 d2d4 e7e6
1447,e2e4 c7c5 g1f3 e7e6
1448,e2e4 c7c5 g1f3 e7e6 d2d4 c5d4 f3d4 g8f6
1449,e2e4 c7c5 g1f3 e7e6 d2d4 c5d4
1450,e2e4 c7c5 g1f3 e7e6 b2b3
1451,e2e4 c7c5 g1f3 e7e6 d2d4 c5d4 f3d4 g8f6 b1c3 d8b6
1452,e2e4 c7c5
1453,e2e4 c7c5 g1f3 b8c6 d2d4 c5d4 f3d4 d8b6
1454,e2e4 c7c5 b1c3 b8c6 f2f4
1455,e2e4 c7c5 b1c3 b8c6 f2f4 g7g6 g1f3 f8g7 f1c4 e7e6 f4f5
1456,e2e4 c7c5 g1f3 g7g6
1457,e2e4 c7c5 g1f3 g7g6 d2d4
1458,e2e4 c7c5 g1f3 g7g6 d2d4 f8g7
1459,e2e4 c7c5 g1f3 b8c6 d2d4 c5d4 f3d4 e7e5 d4b5 d7d6
1460,e2e4 c7c5 g1f3 e7e6 d2d4 c5d4 f3d4 a7a6
1461,e2e4 c7c5 g1f3 e7e6 d2d4 c5d4 f3d4 a7a6 b1c3
1462,e2e4 c7c5 g1f3 e7e6 d2d4 c5d4 f3d4 a7a6 c2c4 g8f6 b1c3 f8b4 f1d3 b8c6
1463,e2e4 c7c5 g1f3 e7e6 d2d4 c5d4 f3d4 a7a6 c2c4
1464,e2e4 c7c5 g1f3 e7e6 d2d4 c5d4 f3d4 a7a6 f1d3
1465,e2e4 c7c5 g1f3 e7e6 d2d4 c5d4 f3d4 a7a6 f1d3 f8c5
1466,e2e4 c7c5 g1f3 e7e6 d2d4 c5d4 f3d4 a7a6 f1d3 g7g6
1467,e2e4 c7c5 g1f3 e7e6 d2d4 c5d4 f3d4 a7a6 b1c3 b7b5
1468,e2e4 c7c5 g1f3 e7e6 d2d4 c5d4 f3d4 a7a6 b1c3 b7b5 g2g3
1469,e2e4 c7c5 g1f3 e7e6 d2d4 c5d4 f3d4 a7a6 b1c3 b7b5 f1d3 d8b6 d4f3
1470,e2e4 c7c5 g1f3 b7b6
1471,e2e4 c7c5 g1f3 e7e6 c2c4
1472,e2e4 c7c5 b1a3
1473,e2e4 c7c5 g1f3 d7d6 d2d4 c5d4 f3d4 g8f6 b1c3 c8d7
1474,e2e4 c7c5 g1f3 e7e6 d2d4 c5d4 f3d4 d8b6
1475,e2e4 c7c5 g2g3
1476,e2e4 c7c5 g1f3 b8c6 d2d4 c5d4 f3d4 g8f6 b1c3 e7e5 d4b5 d7d6 c1g5 a7a6 b5a3 c8e6
1477,e2e4 c7c5 g1f3 b8c6 d2d4 c5d4 f3d4 g8f6 b1c3 e7e5 d4c6
1478,e2e4 c7c5 g1f3 b8c6 d2d4 c5d4 f3d4 g8f6 b1c3 e7e5
1479,e2e4 c7c5 g1f3 b8c6 d2d4 c5d4 f3d4 g8f6 b1c3 e7e5 d4f3
1480,e2e4 c7c5 g1f3 b8c6 d2d4 c5d4 f3d4 g8f6 b1c3 e7e5 d4b3
1481,e2e4 c7c5 g1f3 b8c6 d2d4 c5d4 f3d4 g8f6 b1c3 e7e5 d4b5 d7d6 c1g5 a7a6 b5a3 b7b5
1482,e2e4 c7c5 g1f3 b8c6 d2d4 c5d4 f3d4 g8f6 b1c3 e7e5 d4b5 d7d6 c1g5 a7a6 b5a3 b7b5 g5f6 g7f6 c3d5 f6f5
1483,e2e4 c7c5 g1f3 b8c6 d2d4 c5d4 f3d4 g8f6 b1c3 e7e5 d4b5 d7d6 c1g5 a7a6 b5a3 b7b5 c3d5
1484,e2e4 c7c5 g1f3 b8c6 d2d4 c5d4 f3d4 g8f6 b1c3 e7e5 d4b5 d7d6 c1g5 a7a6 b5a3 b7b5 g5f6 g7f6 c3d5 f8g7
1485,e2e4 c7c5 g1f3 b8c6 d2d4 c5d4 f3d4 g8f6 b1c3 e7e5 d4b5 d7d6 c1g5 a7a6 b5a3 b7b5 g5f6 g7f6 c3d5 f6f5 f1b5
1486,e2e4 c7c5 g1f3 b8c6 d2d4 c5d4 f3d4 e7e5
1487,e2e4 c7c5 g1f3 e7e6 d2d4 d7d5
1488,e2e4 c7c5 b1c3 e7e6 d2d4 d7d5
1489,e2e4 c7c5 f2f4
1490,e2e4 c7c5 f2f4 d7d5 e4d5 g8f6
1491,e2e4 c7c5 a2a3
1492,e2e4 c7c5 g1f3 d7d6 d2d4 c5d4 f3d4
1493,e2e4 c7c5 g1f3 d7d6
1494,e2e4 c7c5 g1f3 d7d6 d2d4 c5d4 f3d4 g8f6 b1c3
1495,e2e4 c7c5 g1f3 d7d6 d2d4 g8f6
1496,e2e4 c7c5 g1f3 d7d6 d2d4 g8f6 d4c5 f6e4
1497,e2e4 c7c5 g1f3 d7d6 d2d4 c5d4 f3d4 g8f6
1498,e2e4 c7c5 g1f3 d7d6 d2d4 c5d4 c2c3
1499,e2e4 c7c5 d2d4 c5d4 g1f3
1500,e2e4 c7c5 g1f3 d7d6 d2d4 c5d4 f3d4 g8f6 b1c3 a7a6
1501,e2e4 c7c5 g1f3 d7d6 d2d4 c5d4 f3d4 g8f6 b1c3 a7a6 c1g5 e7e6
1502,e2e4 c7c5 g1f3 d7d6 d2d4 c5d4 f3d4 g8f6 b1c3 a7a6 c1g5 e7e6 f2f4
1503,e2e4 c7c5 g1f3 d7d6 d2d4 c5d4 f3d4 g8f6 b1c3 a7a6 c1g5 e7e6 f2f4 f8e7
1504,e2e4 c7c5 g1f3 d7d6 d2d4 c5d4 f3d4 g8f6 b1c3 a7a6 c1g5
1505,e2e4 c7c5 g1f3 d7d6 d2d4 c5d4 f3d4 g8f6 b1c3 a7a6 h2h3
1506,e2e4 c7c5 g1f3 d7d6 d2d4 c5d4 f3d4 g8f6 b1c3 a7a6 f2f4
1507,e2e4 c7c5 g1f3 d7d6 d2d4 c5d4 f3d4 g8f6 b1c3 a7a6 c1g5 e7e6 f2f4 f8e7 d1f3 h7h6 g5h4 d8c7
1508,e2e4 c7c5 g1f3 d7d6 d2d4 c5d4 f3d4 g8f6 b1c3 a7a6 c1e3
1509,e2e4 c7c5 g1f3 d7d6 d2d4 c5d4 f3d4 g8f6 b1c3 a7a6 c1e3 f6g4
1510,e2e4 c7c5 g1f3 d7d6 d2d4 c5d4 f3d4 g8f6 b1c3 a7a6 h1g1
1511,e2e4 c7c5 g1f3 d7d6 d2d4 c5d4 f3d4 g8f6 b1c3 a7a6 c1g5 e7e6 f2f4 f8e7 d1f3 h7h6 g5h4 g7g5
1512,e2e4 c7c5 g1f3 d7d6 d2d4 c5d4 f3d4 g8f6 b1c3 a7a6 c1g5 e7e6 f2f4 f8e7 d1f3 d8c7 e1c1 b8d7
1513,e2e4 c7c5 g1f3 d7d6 d2d4 c5d4 f3d4 g8f6 b1c3 a7a6 c1g5 e7e6 f2f4 b8c6
1514,e2e4 c7c5 g1f3 d7d6 d2d4 c5d4 f3d4 g8f6 b1c3 a7a6 f1e2
1515,e2e4 c7c5 g1f3 d7d6 d2d4 c5d4 f3d4 g8f6 b1c3 a7a6 f1e2 e7e5 d4b3 f8e7 e1g1 c8e6
1516,e2e4 c7c5 g1f3 d7d6 d2d4 c5d4 f3d4 g8f6 b1c3 a7a6 f1e2 e7e5 d4b3 f8e7 e1g1 e8g8
1517,e2e4 c7c5 g1f3 d7d6 d2d4 c5d4 f3d4 g8f6 b1c3 a7a6 c1g5 e7e6 f2f4 d8b6
1518,e2e4 c7c5 g1f3 d7d6 d2d4 c5d4 f3d4 g8f6 b1c3 a7a6 c1g5 e7e6 f2f4 d8b6 d1d2 b6b2 a1b1 b2a3
1519,e2e4 c7c5 g1f3 d7d6 d2d4 c5d4 f3d4 g8f6 b1c3 a7a6 c1g5 e7e6 f2f4 b7b5
1520,e2e4 c7c5 g1f3 d7d6 d2d4 c5d4 f3d4 g8f6 b1c3 a7a6 c1g5 e7e6 f2f4 b7b5 e4e5 d6e5 f4e5 d8c7 d1e2
1521,e2e4 c7c5 g1f3 d7d6 d2d4 c5d4 f3d4 g8f6 b1c3 e7e6 f1e2 a7a6 e1g1 b8d7
1522,e2e4 c7c5 g1f3 d7d6 d2d4 c5d4 f3d4 g8f6 b1c3 a7a6 c1g5 e7e6 f2f4 f8e7 d1f3 d8c7
1523,e2e4 c7c5 g1f3 d7d6 d2d4 c5d4 f3d4 g8f6 b1c3 a7a6 g2g3
1524,e2e4 c7c5 g1f3 b8c6 d2d4 c5d4 f3d4 d7d5
1525,e2e4 c7c5 g1f3 g8f6 e4e5
1526,e2e4 c7c5 g1f3 g8f6 b1c3
1527,e2e4 c7c5 g1f3 g8f6 e4e5 f6d5 b1c3 d5c3
1528,e2e4 c7c5 g1f3 g8f6 e4e5 f6d5 b1c3 e7e6 c3d5 e6d5 d2d4 b8c6
1529,e2e4 c7c5 g1f3 g8f6
1530,e2e4 c7c5 g1f3 b8c6 f1b5
1531,e2e4 c7c5 g1f3 b8c6 f1b5 g7g6
1532,e2e4 c7c5 g1f3 b8c6 f1b5 g7g6 e1g1 f8g7 c2c3 e7e5 d2d4
1533,e2e4 c7c5 g1f3 b8c6 f1b5 g7g6 e1g1 f8g7 c2c3 g8f6 d2d4
1534,e2e4 c7c5 g1f3 b8c6 f1b5 g7g6 e1g1 f8g7 c2c3 g8f6 d1a4
1535,e2e4 c7c5 g1f3 b8c6 f1b5 g7g6 e1g1 f8g7 f1e1 e7e5 b2b4
1536,e2e4 c7c5 g1f3 a7a6
1537,e2e4 c7c5 g1f3 a7a6 c2c4
1538,e2e4 c7c5 g1f3 a7a6 c2c4 b8c6 d2d4 c5d4 f3d4 e7e5
1539,e2e4 c7c5 g1f3 a7a6 c2c4 e7e6
1540,e2e4 c7c5 g1f3 a7a6 c2c4 d7d6
1541,e2e4 c7c5 g1f3 a7a6 d2d4
1542,e2e4 c7c5 g1f3 a7a6 d2d4 c5d4 f3d4 e7e6
1543,e2e4 c7c5 g1f3 a7a6 d2d4 c5d4 f3d4 e7e5
1544,e2e4 c7c5 g1f3 a7a6 d2d3
1545,e2e4 c7c5 g1f3 a7a6 g2g3
1546,e2e4 c7c5 g1f3 a7a6 c2c3
1547,e2e4 c7c5 g1f3 a7a6 c2c3 g8f6
1548,e2e4 c7c5 g1f3 a7a6 c2c3 d7d5 e4d5 g8f6
1549,e2e4 c7c5 g1f3 a7a6 c2c3 d7d6
1550,e2e4 c7c5 g1f3 a7a6 b1c3
1551,e2e4 c7c5 g1f3 b8c6
1552,e2e4 c7c5 g1f3 b8c6 d2d4 c5d4 f3d4 g8f6
1553,e2e4 c7c5 g1f3 b8c6 d2d4
1554,e2e4 c7c5 g1f3 e7e6 d2d4 c5d4 f3d4 b8c6 b1c3 a7a6
1555,e2e4 c7c5 g1f3 e7e6 d2d4 c5d4 f3d4 b8c6 b1c3 g8f6 d4b5 f8b4 b5d6
1556,e2e4 c7c5 g1f3 e7e6 d2d4 c5d4 f3d4 b8c6 b1c3 d8c7
1557,e2e4 c7c5 g1f3 e7e6 d2d4 c5d4 f3d4 b8c6 b1c3 d8c7 c1e3 a7a6 f1e2
1558,e2e4 c7c5 g1f3 e7e6 d2d4 c5d4 f3d4 b8c6 b1c3 d8c7 c1e3
1559,e2e4 c7c5 g1f3 e7e6 d2d4 c5d4 f3d4 b8c6 b1c3 d8c7 c1e3 a7a6 d1d2
1560,e2e4 c7c5 g1f3 e7e6 d2d4 c5d4 f3d4 b8c6 b1c3 d8c7 d4b5 c7b8 c1e3 a7a6 e3b6
1561,e2e4 c7c5 g1f3 e7e6 d2d4 c5d4 f3d4 b8c6
1562,e2e4 c7c5 g1f3 e7e6 d2d4 c5d4 f3d4 b8c6 d4b5 d7d6 c2c4 g8f6 b1c3 a7a6 b5a3 f8e7 f1e2 e8g8 e1g1 b7b6
1563,e2e4 c7c5 g1f3 e7e6 d2d4 c5d4 f3d4 b8c6 b1c3
1564,e2e4 c7c5 g1f3 e7e6 d2d4 c5d4 f3d4 b8c6 d4b5
1565,e2e4 c7c5 g1f3 e7e6 d2d4 c5d4 f3d4 b8c6 b1c3 a7a6 f1e2 g8e7
1566,e2e4 c7c5 g1f3 e7e6 d2d4 c5d4 f3d4 f8c5
1567,e2e4 c7c5 g1f3 e7e6 d2d4 c5d4 f3d4 g8f6 b1c3 f8b4
1568,e2e4 c7c5 g1f3 e7e6 d2d4 c5d4 f3d4 g8f6 b1c3 f8b4 e4e5
1569,e2e4 c7c5 g1f3 d7d6 d2d4 c5d4 f3d4 g8f6 f2f3
1570,e2e4 c7c5 g1f3 d7d6 d2d4 c5d4 f3d4 g8f6 f2f3 e7e5 f1b5
1571,e2e4 c7c5 g1f3 d7d6 d2d4 c5d4 f3d4 g8f6 b1c3 b8c6 c1g5 e7e6 d1d3
1572,e2e4 c7c5 g1f3 d7d6 d2d4 c5d4 f3d4 g8f6 b1c3 b8c6 c1g5 e7e6 d1d2 f8e7
1573,e2e4 c7c5 g1f3 d7d6 d2d4 c5d4 f3d4 g8f6 b1c3 b8c6 c1g5 e7e6 d1d2 f8e7 e1c1 e8g8 f2f4
1574,e2e4 c7c5 g1f3 d7d6 d2d4 c5d4 f3d4 g8f6 b1c3 b8c6 c1g5 e7e6 d1d2 f8e7 e1c1 e8g8 f2f4 c6d4 d2d4
1575,e2e4 c7c5 g1f3 d7d6 d2d4 c5d4 f3d4 g8f6 b1c3 b8c6 c1g5 e7e6 d1d2 f8e7 e1c1 c6d4 d2d4 a7a6 f2f4 b7b5
1576,e2e4 c7c5 g1f3 d7d6 d2d4 c5d4 f3d4 g8f6 b1c3 b8c6 c1g5 g7g6
1577,e2e4 c7c5 g1f3 d7d6 d2d4 c5d4 f3d4 g8f6 b1c3 b8c6 c1g5
1578,e2e4 c7c5 g1f3 d7d6 d2d4 c5d4 f3d4 g8f6 b1c3 b8c6 c1g5 e7e6 d1d2 d8b6
1579,e2e4 c7c5 g1f3 d7d6 d2d4 c5d4 f3d4 g8f6 b1c3 b8c6 c1g5 c8d7
1580,e2e4 c7c5 g1f3 d7d6 d2d4 c5d4 f3d4 g8f6 b1c3 b8c6 c1g5 c8d7 d1d2
1581,e2e4 c7c5 g1f3 d7d6 d2d4 c5d4 f3d4 g8f6 b1c3 b8c6 c1g5 e7e6 d1d2 a7a6 e1c1 c8d7 f2f4 f8e7
1582,e2e4 c7c5 g1f3 d7d6 d2d4 c5d4 f3d4 g8f6 b1c3 b8c6 c1g5 e7e6 d1d2 a7a6 e1c1 c8d7
1583,e2e4 c7c5 g1f3 d7d6 d2d4 c5d4 f3d4 g8f6 b1c3 b8c6 c1g5 e7e6 d1d2 a7a6
1584,e2e4 c7c5 g1f3 d7d6 d2d4 c5d4 f3d4 g8f6 b1c3 b8c6 c1g5 e7e6 d1d2 a7a6 e1c1 c8d7 f2f4 f8e7 d4f3 b7b5 g5f6
1585,e2e4 c7c5 g1f3 d7d6 d2d4 c5d4 f3d4 g8f6 b1c3 b8c6 c1g5 e7e6 d1d2
1586,e2e4 c7c5 g1f3 d7d6 d2d4 c5d4 f3d4 g8f6 b1c3 b8c6 c1g5 e7e6 f1b5
1587,e2e4 c7c5 g1f3 d7d6 d2d4 c5d4 f3d4 g8f6 b1c3 e7e6
1588,e2e4 c7c5 g1f3 d7d6 d2d4 c5d4 f3d4 g8f6 b1c3 e7e6 f1e2 a7a6
1589,e2e4 c7c5 g1f3 d7d6 d2d4 c5d4 f3d4 g8f6 b1c3 e7e6 f1e2 a7a6 e1g1 d8c7
1590,e2e4 c7c5 g1f3 d7d6 d2d4 c5d4 f3d4 g8f6 b1c3 e7e6 f1e2
1591,e2e4 c7c5 g1f3 d7d6 d2d4 c5d4 f3d4 g8f6 b1c3 e7e6 f1e2 a7a6 e1g1 d8c7 f2f4 b8c6 c1e3
1592,e2e4 c7c5 g1f3 d7d6 d2d4 c5d4 f3d4 g8f6 b1c3 e7e6 f1e2 a7a6 e1g1 d8c7 f2f4 b8c6 g1h1 f8e7 a2a4
1593,e2e4 c7c5 g1f3 d7d6 d2d4 c5d4 f3d4 g8f6 b1c3 e7e6 c1e3 a7a6 g2g4
1594,e2e4 c7c5 g1f3 d7d6 d2d4 c5d4 f3d4 g8f6 b1c3 e7e6 c1e3 a7a6 g2g4 e6e5 d4f5 g7g6 g4g5
1595,e2e4 c7c5 g1f3 d7d6 d2d4 c5d4 f3d4 g8f6 b1c3 e7e6 c1e3 a7a6 d1d2
1596,e2e4 c7c5 g1f3 d7d6 d2d4 c5d4 f3d4 g8f6 b1c3 e7e6 c1e3 a7a6 f2f3
1597,e2e4 c7c5 g1f3 d7d6 d2d4 c5d4 f3d4 g8f6 b1c3 e7e6 g2g3
1598,e2e4 c7c5 g1f3 d7d6 d2d4 c5d4 f3d4 g8f6 b1c3 e7e6 g2g4
1599,e2e4 c7c5 g1f3 d7d6 d2d4 c5d4 f3d4 g8f6 b1c3 e7e6 f2f4
1600,e2e4 c7c5 g1f3 d7d6 d2d4 c5d4 f3d4 g8f6 b1c3 e7e6 f1e2 b8c6 e1g1 f8e7 c1e3 e8g8 f2f4
1601,e2e4 c7c5 g1f3 d7d6 d2d4 c5d4 f3d4 g8f6 b1c3 e7e6 f1e2 b8c6 e1g1 f8e7 c1e3 e8g8 f2f4 c8d7 d4b3
1602,e2e4 c7c5 g1f3 d7d6 d2d4 c5d4 f3d4 g8f6 b1c3 e7e6 f1e2 b8c6
1603,e2e4 c7c5 g1f3 d7d6 d2d4 c5d4 f3d4 g8f6 b1c3 e7e6 f2f4 b8c6 c1e3 f8e7 d1f3
1604,e2e4 c7c5 g1f3 d7d6 d2d4 c5d4 f3d4 g8f6 b1c3 e7e6 f1b5
1605,e2e4 c7c5 g1f3 e7e6 d2d4 c5d4 c2c3
1606,e2e4 c7c5 d2d4 c5d4 c2c3
1607,e2e4 c7c5 d2d4 c5d4 c2c3 d4c3 b1c3 b8c6 g1f3 d7d6 f1c4 a7a6 e1g1 g8f6
1608,e2e4 c7c5 d2d4 c5d4 c2c3 d4c3 b1c3 b8c6 g1f3 g7g6
1609,e2e4 c7c5 d2d4 c5d4 c2c3 d4c3 b1c3 e7e6 g1f3 a7a6
1610,e2e4 c7c5 d2d4 c5d4 c2c3 d4c3 b1c3 b8c6 g1f3 e7e6 f1c4 a7a6
1611,e2e4 c7c5 d2d4 c5d4 c2c3 d4c3 b1c3 b8c6 g1f3 e7e6 f1c4 f8b4
1612,e2e4 c7c5 d2d4 c5d4 c2c3 d4c3 b1c3 b8c6 g1f3 d7d6 f1c4 e7e6
1613,e2e4 c7c5 d2d4 c5d4 c2c3 d4d3 c3c4
1614,e2e4 c7c5 d2d4 c5d4 c2c3 d4d3
1615,e2e4 c7c5 d2d4 c5d4 c2c3 d7d5
1616,e2e4 c7c5 b2b3
1617,e2e4 c7c5 b2b3 b7b6
1618,e2e4 c7c5 g1f3 d7d6 d2d4 c5d4 f3d4 g8f6 b1c3 e7e6 f1c4 a7a6 c4b3 b7b5
1619,e2e4 c7c5 g1f3 d7d6 d2d4 c5d4 f3d4 g8f6 b1c3 e7e6 f1c4
1620,e2e4 c7c5 g1f3 d7d6 d2d4 c5d4 f3d4 g8f6 b1c3 e7e6 f1c4 b8c6
1621,e2e4 c7c5 g1f3 d7d6 d2d4 c5d4 f3d4 g8f6 b1c3 e7e6 f1c4 b8c6 c1e3
1622,e2e4 c7c5 c2c4
1623,e2e4 c7c5 g1f3 d7d6 d2d4 c5d4 f3d4 g8f6 b1c3 e7e6 f1c4 b8c6 c1e3 f8e7 d1e2
1624,e2e4 c7c5 g1f3 d7d6 d2d4 c5d4 f3d4 g8f6 b1c3 e7e5 f1b5
1625,e2e4 c7c5 g1f3 e7e6 b2b4
1626,e2e4 c7c5 b2b4
1627,e2e4 c7c5 b2b4 c5b4 c1b2
1628,e2e4 c7c5 b2b4 c5b4 a2a3 b4a3
1629,e2e4 c7c5 g1f3 d7d6 b2b4
1630,e2e4 c7c5 b2b4 c5b4 a2a3
1631,d2d4 d7d5 c2c4 c7c6 g1f3 g8f6 b1c3 d5c4 a2a4
1632,d2d4 d7d5 c2c4 c7c6 g1f3 g8f6 b1c3 d5c4 e2e3
1633,d2d4 d7d5 c2c4 c7c6 g1f3 g8f6 c1g5
1634,d2d4 d7d5 c2c4 c7c6 g1f3 g8f6 b1d2
1635,d2d4 d7d5 c2c4 c7c6 g1f3 g8f6 b1c3 a7a6
1636,d2d4 d7d5 c2c4 c7c6 g1f3 g8f6 b1c3 a7a6 c4c5
1637,d2d4 d7d5 c2c4 c7c6 g1f3 g8f6 b1c3 d5c4 a2a4 c8f5
1638,d2d4 d7d5 c2c4 c7c6 g1f3 g8f6 b1c3 d5c4 a2a4 c8f5 f3h4
1639,d2d4 d7d5 c2c4 c7c6 g1f3 g8f6 b1c3 d5c4 a2a4 c8f5 f3e5 b8d7 e5c4 d8c7 g2g3 e7e5
1640,d2d4 d7d5 c2c4 c7c6 g1f3 g8f6 b1c3 d5c4 a2a4 c8f5 f3e5 b8d7 e5c4 d8c7 g2g3 e7e5 d4e5 d7e5 c1f4 f6d7 f1g2 g7g5
1641,d2d4 d7d5 c2c4 c7c6 g1f3 g8f6 b1c3 d5c4 a2a4 c8f5 e2e3
1642,d2d4 d7d5 c2c4 c7c6 g1f3 g8f6 b1c3 d5c4 a2a4 c8f5 e2e3 e7e6 f1c4 f8b4 e1g1 e8g8 d1e2
1643,d2d4 d7d5 c2c4 c7c6 g1f3 g8f6 b1c3 d5c4 a2a4 c8f5 f3e5
1644,d2d4 d7d5 c2c4 c7c6 g1f3 g8f6 b1c3 d5c4 a2a4 c8f5 e2e3 b8a6
1645,d2d4 d7d5 c2c4 c7c6 g1f3 g8f6 b1c3 d5c4 a2a4 c8f5 f3e5 e7e6
1646,d2d4 d7d5 c2c4 c7c6 g1f3 g8f6 b1c3 d5c4 a2a4 c8f5 f3e5 e7e6 f2f3 f8b4 e2e4
1647,d2d4 d7d5 c2c4 c7c6 c4d5
1648,d2d4 d7d5 c2c4 c7c6 g1f3 g8f6 c4d5 c6d5
1649,d2d4 d7d5 c2c4 c7c6 g1f3 g8f6 e2e3 c8f5 c4d5 c6d5 b1c3
1650,d2d4 d7d5 c2c4 c7c6 g1f3 g8f6 c4d5 c6d5 b1c3 b8c6 c1f4 c8f5
1651,d2d4 d7d5 c2c4 c7c6 g1f3 g8f6 c4d5 c6d5 b1c3 b8c6 c1f4 c8f5 e2e3 e7e6 d1b3 f8b4
1652,d2d4 d7d5 c2c4 c7c6 g1f3 g8f6 b1c3 d5c4 e2e4 b7b5 e4e5
1653,d2d4 d7d5 c2c4 c7c6 g1f3 g8f6 b1c3 d5c4 e2e4
1654,d2d4 d7d5 c2c4 c7c6
1655,d2d4 d7d5 c2c4 c7c6 g1f3
1656,d2d4 d7d5 c2c4 c7c6 g1f3 g8f6 e2e3
1657,d2d4 d7d5 c2c4 c7c6 g1f3 g8f6 e2e3 c8g4
1658,d2d4 d7d5 c2c4 c7c6 g1f3 g8f6 e2e3 c8f5
1659,d2d4 d7d5 c2c4 c7c6 g1f3 g8f6 b1c3 g7g6
1660,d2d4 d7d5 c2c4 c7c6 b1c3 d5c4 e2e4
1661,d2d4 d7d5 c2c4 c7c6 g1f3 g8f6 b1c3 d5c4 a2a4 b8a6
1662,d2d4 d7d5 c2c4 c7c6 g1f3 g8f6 b1c3 d5c4 a2a4 e7e6
1663,d2d4 d7d5 c2c4 c7c6 g1f3 g8f6 b1c3 d5c4 a2a4 c8g4
1664,d2d4 d7d5 c2c4 c7c6 g1f3 g8f6 b1c3 d8b6
1665,d2d4 d7d5 c2c4 c7c6 g1f3 g8f6 b1c3
1666,d2d4 d7d5 c2c4 c7c6 g1f3 g8f6 b1c3 d5c4
1667,d2d4 d7d5 c2c4 c7c6 b1c3 e7e5
1668,d2d4 g8f6 c2c4 c7c6
1669,e2e4 e7e5 g1f3 b8c6 f1b5 f8b4
1670,e2e4 e7e5 g1f3 b8c6 f1b5 g8f6 e1g1
1671,e2e4 e7e5 g1f3 b8c6 f1b5 g8f6 e1g1 f6e4 d2d4 e4d6 b5c6 d7c6 d4e5 d6f5 d1d8 e8d8 b1c3 c8d7
1672,e2e4 e7e5 g1f3 b8c6 f1b5 g8f6 e1g1 f8c5
1673,e2e4 e7e5 g1f3 b8c6 f1b5 g8f6 e1g1 d7d6 d2d4 c8d7 b1c3 f8e7 b5c6
1674,e2e4 e7e5 g1f3 b8c6 f1b5 g8f6 e1g1 d7d6 d2d4 c8d7 b1c3 e5d4
1675,e2e4 e7e5 g1f3 b8c6 f1b5 g8f6 e1g1 d7d6 d2d4 c8d7 b1c3 f8e7
1676,e2e4 e7e5 g1f3 b8c6 f1b5 g8f6 e1g1 d7d6
1677,e2e4 e7e5 g1f3 b8c6 f1b5 g8f6 e1g1 f6e4 d2d4 f8e7 d4e5
1678,e2e4 e7e5 g1f3 b8c6 f1b5 g8f6 d2d4 e5d4 e1g1
1679,e2e4 e7e5 g1f3 b8c6 f1b5 g8f6 e1g1 f6e4
1680,e2e4 e7e5 g1f3 b8c6 f1b5 g8f6 e1g1 f6e4 d2d4 f8e7
1681,e2e4 e7e5 g1f3 b8c6 f1b5 g8f6 e1g1 f6e4 d2d4 a7a6
1682,e2e4 e7e5 g1f3 b8c6 f1b5 g8f6 e1g1 f6e4 d2d4 e4d6
1683,e2e4 e7e5 g1f3 b8c6 f1b5 g8f6 e1g1 f6e4 d2d4 e4d6 b5c6 d7c6 d4e5 d6f5 d1d8 e8d8
1684,e2e4 e7e5 g1f3 b8c6 f1b5 g8f6 e1g1 f6e4 d2d4 e4d6 b5c6 d7c6 d4e5 d6e4
1685,e2e4 e7e5 g1f3 b8c6 f1b5 c6d4
1686,e2e4 e7e5 g1f3 b8c6 f1b5 f8c5
1687,e2e4 e7e5 g1f3 b8c6 f1b5 f8c5 c2c3
1688,e2e4 e7e5 g1f3 b8c6 f1b5 f8c5 c2c3 f7f5
1689,e2e4 e7e5 g1f3 b8c6 f1b5 f8c5 e1g1 g8f6 c2c3 e8g8 d2d4 c5b6 c1g5
1690,e2e4 e7e5 g1f3 b8c6 f1b5 f8c5 e1g1 g8f6 c2c3
1691,e2e4 e7e5 g1f3 b8c6 f1b5 a7a6 b5a4 g8f6 e1g1 f8e7
1692,e2e4 e7e5 g1f3 b8c6 f1b5 a7a6 b5a4 g8f6 e1g1 f8e7 f1e1 d7d6
1693,e2e4 e7e5 g1f3 b8c6 f1b5 a7a6 b5a4 g8f6 e1g1 f8e7 f1e1 b7b5 a4b3 e8g8 c2c3 d7d6 d2d4 c8g4
1694,e2e4 e7e5 g1f3 b8c6 f1b5 a7a6 b5a4 g8f6 e1g1 f8e7 f1e1 b7b5 a4b3 e8g8 c2c3 d7d6 h2h3 c6a5 b3c2 c7c5 d2d4 a5c6
1695,e2e4 e7e5 g1f3 b8c6 f1b5 a7a6 b5a4 g8f6 e1g1 f8e7 f1e1 b7b5 a4b3 e8g8 c2c3 d7d6 h2h3 c6b8 d2d4 b8d7 b1d2 c8b7 b3c2 c7c5
1696,e2e4 e7e5 g1f3 b8c6 f1b5 a7a6 b5a4 g8f6 e1g1 f8e7 d2d4
1697,e2e4 e7e5 g1f3 b8c6 f1b5 a7a6 b5a4 g8f6 e1g1 f8e7 f1e1 b7b5 a4b3 e8g8 c2c3 d7d6 h2h3 c6a5 b3c2 c7c5 d2d4 d8c7 b1d2 a5c6
1698,e2e4 e7e5 g1f3 b8c6 f1b5 a7a6 b5a4 g8f6 e1g1 f8e7 f1e1 b7b5 a4b3 e8g8 c2c3 d7d6 h2h3 c6a5 b3c2 c7c5 d2d4 d8c7 b1d2 a5c6 d4c5
1699,e2e4 e7e5 g1f3 b8c6 f1b5 a7a6 b5a4 g8f6 e1g1 f8e7 f1e1 b7b5 a4b3 e8g8 c2c3 d7d6 h2h3 c6a5 b3c2 c7c5 d2d4 d8c7
1700,e2e4 e7e5 g1f3 b8c6 f1b5 a7a6 b5a4 g8f6 e1g1 f8e7 f1e1 b7b5 a4b3 e8g8 c2c3 d7d6
1701,e2e4 e7e5 g1f3 b8c6 f1b5 a7a6 b5a4 g8f6 e1g1 f8e7 f1e1 b7b5 a4b3 e8g8 c2c3 d7d6 h2h3 c6a5 b3c2 c7c5
1702,e2e4 e7e5 g1f3 b8c6 f1b5 a7a6 b5a4 g8f6 e1g1 f8e7 f1e1 b7b5 a4b3 e8g8 c2c3 d7d6 h2h3 c6a5 b3c2
1703,e2e4 e7e5 g1f3 b8c6 f1b5 a7a6 b5a4 g8f6 e1g1 f8e7 a4c6
1704,e2e4 e7e5 g1f3 b8c6 f1b5 a7a6 b5a4 g8f6 e1g1 f8e7 f1e1 b7b5 a4b3 e8g8 c2c3 d7d6 h2h3 c8b7
1705,e2e4 e7e5 g1f3 b8c6 f1b5 a7a6 b5a4 g8f6 e1g1 f8e7 f1e1 b7b5 a4b3 e8g8 c2c3 d7d6 h2h3
1706,e2e4 e7e5 g1f3 b8c6 f1b5 a7a6 b5a4 g8f6 e1g1 f8e7 f1e1 b7b5 a4b3 e8g8 c2c3 d7d6 h2h3 a6a5
1707,e2e4 e7e5 g1f3 b8c6 f1b5 a7a6 b5a4 g8f6 e1g1 f8e7 f1e1 b7b5 a4b3 e8g8 c2c3 d7d6 h2h3 c6a5 b3c2 c7c5 d2d4 f6d7
1708,e2e4 e7e5 g1f3 b8c6 f1b5 a7a6 b5a4 g8f6 e1g1 f8e7 f1e1 b7b5 a4b3 e8g8 c2c3 d7d6 h2h3 f6d7
1709,e2e4 e7e5 g1f3 b8c6 f1b5 a7a6 b5a4 g8f6 e1g1 f8e7 f1e1 b7b5 a4b3 e8g8 c2c3 d7d6 h2h3 c8e6
1710,e2e4 e7e5 g1f3 b8c6 f1b5 a7a6 b5a4 g8f6 e1g1 f8e7 d2d3
1711,e2e4 e7e5 g1f3 b8c6 f1b5 a7a6 b5a4 g8f6 e1g1 f8e7 b1c3
1712,e2e4 e7e5 g1f3 b8c6 f1b5 a7a6 b5a4 g8f6 e1g1 f8e7 f1e1 b7b5 a4b3 e8g8 c2c3 d7d6 d2d3
1713,e2e4 e7e5 g1f3 b8c6 f1b5 a7a6 b5a4 g8f6 e1g1 f8e7 f1e1 b7b5 a4b3 e8g8 c2c3 d7d6 h2h3 h7h6
1714,e2e4 e7e5 g1f3 b8c6 f1b5 a7a6 b5a4 g8f6 e1g1 f8e7 f1e1 b7b5 a4b3 e8g8 c2c3 d7d6 h2h3 f8e8 d2d4 c8b7 b1d2 e7f8 a2a3 h7h6
1715,e2e4 e7e5 g1f3 b8c6 f1b5 a7a6 b5a4 g8f6 e1g1 f8e7 f1e1 b7b5 a4b3 e8g8 c2c3 d7d6 a2a3
1716,e2e4 e7e5 g1f3 b8c6 f1b5 a7a6 b5a4 g8f6 e1g1 f8e7 f1e1 b7b5 a4b3 c8b7
1717,e2e4 e7e5 g1f3 b8c6 f1b5 a7a6 b5a4 g8f6 e1g1 f8e7 d1e2
1718,e2e4 e7e5 g1f3 b8c6 f1b5 a7a6 b5a4 g8f6 e1g1 f8e7 d1e2 b7b5 a4b3 e8g8
1719,e2e4 e7e5 g1f3 b8c6 f1b5 a7a6 b5a4 g8f6 e1g1 f8e7 d1e2 b7b5 a4b3 d7d6
1720,e2e4 e7e5 g1f3 b8c6 f1b5 a7a6 b5a4 g8f6 e1g1 f8e7 f1e1 b7b5 a4b3 e8g8 c2c3 d7d6 d2d4
1721,e2e4 e7e5 g1f3 b8c6 f1b5 a7a6 b5a4 g8f6 e1g1 f8e7 f1e1 b7b5 a4b3 e8g8 c2c3 d7d6 h2h3 f8e8
1722,e2e4 e7e5 g1f3 b8c6 f1b5 a7a6 b5a4
1723,e2e4 e7e5 g1f3 b8c6 f1b5 g8e7
1724,e2e4 e7e5 g1f3 b8c6 f1b5 g8e7 b1c3 g7g6
1725,e2e4 e7e5 g1f3 b8c6 f1b5 a7a6 b5c6 d7c6 e1g1 c8g4 h2h3 h7h5
1726,e2e4 e7e5 g1f3 b8c6 f1b5 a7a6 b5c6 d7c6 e1g1 d8d6
1727,e2e4 e7e5 g1f3 b8c6 f1b5 a7a6 b5c6
1728,e2e4 e7e5 g1f3 b8c6 f1b5 a7a6 b5c6 d7c6 e1g1 f7f6
1729,e2e4 e7e5 g1f3 b8c6 f1b5 a7a6 b5c6 d7c6 b1c3
1730,e2e4 e7e5 g1f3 b8c6 f1b5 a7a6 b5c6 d7c6 e1g1 f8d6
1731,e2e4 e7e5 g1f3 b8c6 f1b5 a7a6 b5c6 b7c6
1732,e2e4 e7e5 g1f3 b8c6 f1b5 a7a6 b5c6 d7c6 e1g1
1733,e2e4 e7e5 g1f3 b8c6 f1b5 g7g6
1734,e2e4 e7e5 g1f3 b8c6 f1b5
1735,e2e4 e7e5 g1f3 b8c6 f1b5 a7a6 b5a4 g8f6 e1g1 f8e7 f1e1 b7b5 a4b3 e8g8 c2c3 d7d5
1736,e2e4 e7e5 g1f3 b8c6 f1b5 a7a6 b5a4 g8f6 e1g1 f8e7 f1e1 b7b5 a4b3 e8g8 c2c3 d7d5 e4d5 f6d5 f3e5 c6e5 e1e5 c7c6 d2d4
1737,e2e4 e7e5 g1f3 b8c6 f1b5 a7a6 b5a4 g8f6 e1g1 f8e7 f1e1 b7b5 a4b3 e8g8 c2c3 d7d5 e4d5 f6d5 f3e5 c6e5 e1e5 c7c6 d2d4 e7d6 e5e1 d8h4 g2g3 h4h3
1738,e2e4 e7e5 g1f3 b8c6 f1b5 a7a6 b5a4 g8f6 e1g1 f8e7 f1e1 b7b5 a4b3 e8g8 c2c3 d7d5 e4d5 f6d5 f3e5 c6e5 e1e5 c7c6
1739,e2e4 e7e5 g1f3 b8c6 f1b5 a7a6 b5a4 g8f6 e1g1 f8e7 f1e1 b7b5 a4b3 e8g8 c2c3 d7d5 e4d5 f6d5 f3e5 c6e5 e1e5 d5f6
1740,e2e4 e7e5 g1f3 b8c6 f1b5 a7a6 b5a4 g8f6 e1g1 f8e7 f1e1 b7b5 a4b3 e8g8 c2c3 d7d5 e4d5 f6d5 f3e5 c6e5 e1e5 c7c6 b3d5 c6d5 d2d4 e7d6 e5e3
1741,e2e4 e7e5 g1f3 b8c6 f1b5 a7a6 b5a4 g8f6 e1g1 f8e7 f1e1 b7b5 a4b3 e8g8 c2c3 d7d5 e4d5 e5e4
1742,e2e4 e7e5 g1f3 b8c6 f1b5 a7a6 b5a4 g8f6 e1g1
1743,e2e4 e7e5 g1f3 b8c6 f1b5 a7a6 b5a4 g8f6 e1g1 b7b5 a4b3 d7d6
1744,e2e4 e7e5 g1f3 b8c6 f1b5 a7a6 b5a4 g8f6 d2d3
1745,e2e4 e7e5 g1f3 b8c6 f1b5 a7a6 b5a4 g8f6 e1g1 b7b5 a4b3 c8b7
1746,e2e4 e7e5 g1f3 b8c6 f1b5 a7a6 b5a4 g8f6 a4c6
1747,e2e4 e7e5 g1f3 b8c6 f1b5 a7a6 b5a4 g8f6 e1g1 f8e7 f1e1 b7b5 a4b3 e8g8 c2c3 d7d6 h2h3 c6b8 d2d3
1748,e2e4 e7e5 g1f3 b8c6 f1b5 a7a6 b5a4 g8f6 e1g1 f8e7 f1e1 b7b5 a4b3 e8g8 c2c3 d7d6 h2h3 c6b8 d2d4 b8d7
1749,e2e4 e7e5 g1f3 b8c6 f1b5 a7a6 b5a4 b7b5
1750,e2e4 e7e5 g1f3 b8c6 f1b5 a7a6 b5a4 g8f6 e1g1 f8e7 f1e1 b7b5 a4b3 e8g8 c2c3 d7d6 h2h3 c6a5 b3c2 c7c5 d2d4 d8c7 b1d2 c5d4 c3d4
1751,e2e4 e7e5 g1f3 b8c6 f1b5 a7a6 b5a4 f8c5
1752,e2e4 e7e5 g1f3 b8c6 f1b5 a7a6 b5a4 g8e7
1753,e2e4 e7e5 g1f3 b8c6 f1b5 a7a6 b5a4 g8f6 d2d3 d7d6 c2c4
1754,e2e4 e7e5 g1f3 b8c6 f1b5 a7a6 b5a4 g7g6
1755,e2e4 e7e5 g1f3 b8c6 f1b5 a7a6 b5a4 b7b5 a4b3 f8c5
1756,e2e4 e7e5 g1f3 b8c6 f1b5 a7a6 b5a4 g8f6 d2d4
1757,e2e4 e7e5 g1f3 b8c6 f1b5 a7a6 b5a4 d7d6 e1g1
1758,e2e4 e7e5 g1f3 b8c6 f1b5 a7a6 b5a4 d7d6 c2c3 c8d7 d2d4 g8e7
1759,e2e4 e7e5 g1f3 b8c6 f1b5 a7a6 b5a4 d7d6 c2c3
1760,e2e4 e7e5 g1f3 b8c6 f1b5 a7a6 b5a4 d7d6 a4c6 b7c6 d2d4 f7f6
1761,e2e4 e7e5 g1f3 b8c6 f1b5 a7a6 b5a4 d7d6 c2c3 c8d7
1762,e2e4 e7e5 g1f3 b8c6 f1b5 a7a6 b5a4 d7d6 a4c6 b7c6 d2d4
1763,e2e4 e7e5 g1f3 b8c6 f1b5 a7a6 b5a4 d7d6 c2c3 f7f5 e4f5 c8f5 e1g1
1764,e2e4 e7e5 g1f3 b8c6 f1b5 a7a6 b5a4 d7d6
1765,e2e4 e7e5 g1f3 b8c6 f1b5 a7a6 b5a4 d7d6 c2c4
1766,e2e4 e7e5 g1f3 b8c6 f1b5 a7a6 b5a4 d7d6 c2c3 c8d7 d2d4 g7g6
1767,e2e4 e7e5 g1f3 b8c6 f1b5 a7a6 b5a4 d7d6 c2c3 f7f5
1768,e2e4 e7e5 g1f3 b8c6 f1b5 a7a6 b5a4 g8f6 e1g1 f8c5
1769,e2e4 e7e5 g1f3 b8c6 f1b5 a7a6 b5a4 b7b5 a4b3 c6a5
1770,e2e4 e7e5 g1f3 b8c6 f1b5 a7a6 b5a4 f7f5
1771,e2e4 e7e5 g1f3 b8c6 f1b5 a7a6 b5a4 g8f6 e1g1 d7d6
1772,e2e4 e7e5 g1f3 b8c6 f1b5 a7a6 b5a4 g8f6 b1c3
1773,e2e4 e7e5 g1f3 b8c6 f1b5 a7a6 b5a4 g8f6 e1g1 b7b5 a4b3 f8e7 a2a4
1774,e2e4 e7e5 g1f3 b8c6 f1b5 a7a6 b5a4 g8f6 d1e2
1775,e2e4 e7e5 g1f3 b8c6 f1b5 a7a6 b5a4 g8f6 e1g1 f6e4 d2d4 b7b5 a4b3
1776,e2e4 e7e5 g1f3 b8c6 f1b5 a7a6 b5a4 g8f6 e1g1 f6e4 d2d4 b7b5 a4b3 d7d5 d4e5 c8e6 c2c3 e4c5
1777,e2e4 e7e5 g1f3 b8c6 f1b5 a7a6 b5a4 g8f6 e1g1 f6e4 d2d4 b7b5 a4b3 d7d5 d4e5 c8e6 b1d2
1778,e2e4 e7e5 g1f3 b8c6 f1b5 a7a6 b5a4 g8f6 e1g1 f6e4 d2d4 b7b5 a4b3 d7d5 d4e5 c8e6 c2c3 f8e7
1779,e2e4 e7e5 g1f3 b8c6 f1b5 a7a6 b5a4 g8f6 e1g1 f6e4 d2d4 b7b5 a4b3 d7d5 d4e5 c8e6 c2c3 f8e7 f1e1
1780,e2e4 e7e5 g1f3 b8c6 f1b5 a7a6 b5a4 g8f6 e1g1 f6e4 d2d4 b7b5 a4b3 d7d5 d4e5 c8e6 c2c3 f8c5 b1d2 e8g8 b3c2 e4f2
1781,e2e4 e7e5 g1f3 b8c6 f1b5 a7a6 b5a4 g8f6 e1g1 f6e4 d2d4 b7b5 a4b3 d7d5 d4e5 c8e6 d1e2
1782,e2e4 e7e5 g1f3 b8c6 f1b5 a7a6 b5a4 g8f6 e1g1 f6e4 d2d4 b7b5 a4b3 d7d5 d4e5 c8e6 c2c3 f8c5
1783,e2e4 e7e5 g1f3 b8c6 f1b5 a7a6 b5a4 g8f6 e1g1 f6e4 d2d4 b7b5 a4b3 d7d5 d4e5 c8e6
1784,e2e4 e7e5 g1f3 b8c6 f1b5 a7a6 b5a4 g8f6 e1g1 f6e4 d2d4 b7b5 a4b3 d7d5 d4e5 c8e6 c2c3 f8c5 d1d3
1785,e2e4 e7e5 g1f3 b8c6 f1b5 a7a6 b5a4 g8f6 e1g1 f6e4
1786,e2e4 e7e5 g1f3 b8c6 f1b5 a7a6 b5a4 g8f6 e1g1 f6e4 d2d4 e5d4
1787,e2e4 e7e5 g1f3 b8c6 f1b5 a7a6 b5a4 g8f6 e1g1 f6e4 d2d4 b7b5 a4b3 d7d5 d4e5 c8e6 c2c3 f8c5 b1d2
1788,e2e4 e7e5 g1f3 b8c6 f1b5 f7f5 e4f5
1789,e2e4 e7e5 g1f3 b8c6 f1b5 f7f5
1790,e2e4 e7e5 g1f3 b8c6 f1b5 f7f5 b1c3 f5e4 c3e4 d7d5 f3e5 d5e4 e5c6 d8g5
1791,e2e4 e7e5 g1f3 b8c6 f1b5 f7f5 b1c3
1792,e2e4 e7e5 g1f3 b8c6 f1b5 f7f5 b5c6
1793,e2e4 e7e5 g1f3 b8c6 f1b5 f7f5 b1c3 f5e4 c3e4 d7d5 f3e5 d5e4 e5c6 d8d5
1794,e2e4 e7e5 g1f3 b8c6 f1b5 f7f5 d2d4
1795,e2e4 e7e5 g1f3 b8c6 f1b5 f7f5 b1c3 f5e4 c3e4 g8f6
1796,e2e4 e7e5 g1f3 b8c6 f1b5 d7d6
1797,e2e4 a7a6
1798,e2e4 a7a6 d2d4 e7e6 g1f3 b7b5 f1d3 c7c5 c2c3 c8b7 e1g1 g8f6
1799,e2e4 a7a6 d2d4 b7b5 g1f3 c8b7 f1d3 e7e6
1800,d2d4 g8f6 f2f4
1801,d2d4 d7d5 c2c4 e7e6 b1c3 c7c5 c4d5 e6d5 g1f3 b8c6 g2g3 g8f6 f1g2 f8e7 e1g1 e8g8
1802,d2d4 d7d5 c2c4 e7e6 b1c3 c7c5 c4d5 e6d5 g1f3 b8c6 g2g3 g8f6 f1g2 f8e7 e1g1 e8g8 c1g5 c5c4
1803,d2d4 d7d5 c2c4 e7e6 b1c3 c7c5 c4d5 e6d5 g1f3 b8c6 g2g3 g8f6 f1g2 f8e7 e1g1 e8g8 c1g5
1804,d2d4 d7d5 c2c4 e7e6 b1c3 c7c5 c4d5 e6d5 g1f3 b8c6 g2g3 g8f6 f1g2 f8e7 e1g1 e8g8 d4c5 d5d4
1805,d2d4 d7d5 c2c4 e7e6 b1c3 c7c5 c4d5 e6d5 g1f3 b8c6 g2g3 g8f6 f1g2 f8e7 e1g1 e8g8 c1g5 c8e6
1806,d2d4 d7d5 c2c4 e7e6 b1c3 c7c5 c4d5 e6d5 g1f3 b8c6 g2g3 g8f6 f1g2 f8e7 e1g1 e8g8 c1g5 c5d4 f3d4 h7h6 g5e3 f8e8
1807,d2d4 d7d5 c2c4 e7e6 b1c3 c7c5 c4d5 e6d5 g1f3 b8c6 g2g3 g8f6 f1g2 f8e7 e1g1 e8g8 c1g5 c5d4 f3d4 f8e8
1808,d2d4 d7d5 c2c4 e7e6 b1c3 c7c5 c4d5 e6d5 g1f3 b8c6 g2g3 g8f6 f1g2 f8e7 e1g1 e8g8 d4c5 e7c5 c3a4
1809,d2d4 d7d5 c2c4 e7e6 b1c3 c7c5 c4d5 e6d5 g1f3 b8c6 g2g3 g8f6 f1g2 f8e7 e1g1 e8g8 c1g5 c5d4 f3d4 h7h6 g5e3 c8g4
1810,d2d4 d7d5 c2c4 e7e6 b1c3 c7c5
1811,d2d4 d7d5 c2c4 e7e6 b1c3 c7c5 c4d5 e6d5 g1f3 b8c6 g2g3 g8f6
1812,d2d4 d7d5 c2c4 e7e6 b1c3 c7c5 c4d5 e6d5 g1f3 b8c6 g2g3 g8f6 f1g2 f8e7
1813,d2d4 d7d5 c2c4 e7e6 b1c3 c7c5 c4d5 e6d5 g1f3 b8c6 g2g3
1814,d2d4 d7d5 c2c4 e7e6 b1c3 c7c5 c4d5 c5d4
1815,d2d4 d7d5 c2c4 e7e6 b1c3 c7c5 c4d5 e6d5 g1f3 b8c6 g2g3 c5c4
1816,d2d4 d7d5 c2c4 e7e6 b1c3 c7c5 e2e3 g8f6 g1f3 b8c6
1817,d2d4 d7d5 c2c4 e7e6 b1c3 c7c5 c4d5 e6d5 g1f3
1818,e2e4 e7e5 g1f3 b8c6 b1c3
1819,e2e4 e7e5 g1f3 b8c6 b1c3 g7g6 d2d4 e5d4 c3d5
1820,e2e4 e7e5 g1f3 b8c6 b1c3 g7g6
1821,d2d4 g8f6 g1f3 e7e6 c1g5
1822,d2d4 g8f6 g1f3 e7e6 c1g5 h7h6
1823,d2d4 g8f6 g1f3 e7e6 c1g5 c7c5 e2e3 b7b6 d4d5
1824,d2d4 g8f6 g1f3 g7g6 c1g5
1825,d2d4 g8f6 g1f3 g7g6 c1g5 f8g7 b1d2 c7c5
1826,d2d4 g8f6 c1g5 e7e6
1827,d2d4 g8f6 c1g5 e7e6 e2e4
1828,d2d4 g8f6 c1g5 f6e4 g5h4
1829,d2d4 g8f6 c1g5
1830,d2d4 g8f6 c1g5 c7c5 d4d5 d8b6 b1c3
1831,d2d4 g8f6 c1g5 f6e4 h2h4
1832,b1c3 d7d5 e2e4 c7c6
1833,b1c3
1834,b1c3 d7d5 e2e4 d5e4 c3e4 e7e5
1835,b1c3 e7e5 g1f3 b8c6 d2d4
1836,b1c3 c7c5 g1f3 b8c6 d2d4 c5d4 f3d4
1837,e2e4 e7e5 b1c3 f8c5
1838,e2e4 e7e5 b1c3 g8f6
1839,e2e4 e7e5 b1c3
1840,e2e4 e7e5 b1c3 g8f6 g2g3
1841,e2e4 e7e5 b1c3 d7d6 f2f4
1842,e2e4 e7e5 b1c3 b8c6 g2g3
1843,e2e4 e7e5 b1c3 g8f6 f1c4
1844,e2e4 e7e5 b1c3 g8f6 f1c4 f6e4 d1h5 e4d6 c4b3 f8e7 g1f3 b8c6 f3e5
1845,e2e4 e7e5 b1c3 g8f6 f1c4 f6e4 d1h5 e4d6 c4b3 b8c6 c3b5 g7g6 h5f3 f7f5 f3d5 d8e7 b5c7 e8d8 c7a8 b7b6
1846,e2e4 e7e5 b1c3 g8f6 f1c4 f6e4
1847,e2e4 e7e5 b1c3 g8f6 f1c4 f6e4 d1h5 e4d6 c4b3 f8e7
1848,e2e4 e7e5 b1c3 g8f6 f1c4 f8b4
1849,e2e4 e7e5 b1c3 g8f6 f1c4 b8c6
1850,e2e4 e7e5 b1c3 b8c6 f2f4
1851,e2e4 e7e5 b1c3 g8f6 f2f4
1852,e2e4 e7e5 b1c3 g8f6 f2f4 d7d5 f4e5 f6e4 g1f3 f8e7
1853,e2e4 e7e5 b1c3 g8f6 f2f4 d7d5 f4e5 f6e4 g1f3 c8g4 d1e2
1854,e2e4 e7e5 b1c3 g8f6 f2f4 d7d5
1855,e2e4 e7e5 b1c3 g8f6 f2f4 d7d5 f4e5 f6e4 d2d3
1856,e2e4 e7e5 b1c3 g8f6 f2f4 d7d5 f4e5 f6e4 d1f3
1857,e2e4 e7e5 b1c3 b8c6 f2f4 e5f4 g1f3
1858,d2d4 d7d6 g1f3 c8g4
1859,g1f3 b8c6
1860,g1f3 g8f6 b2b3 g7g6 c1b2 f8g7 g2g3 e8g8 f1g2 d7d6 e1g1
1861,g1f3 f7f5
1862,g1f3 c7c5 g2g3 d7d5 f1g2 b8c6 d2d4 e7e6 e1g1
1863,g1f3 g7g6
1864,g1f3 f7f5 d2d3 g8f6 e2e4
1865,g1f3 f7f5 e2e4
1866,g1f3 g8f6 b2b3
1867,g1f3 d7d5 d2d3
1868,g1f3 d7d6
1869,g1f3 b7b5
1870,g1f3 d7d5
1871,g1f3 e7e6
1872,g1f3 b7b6
1873,g1f3 g8f6 e2e3
1874,g1f3 d7d5 b1c3
1875,d2d4 d7d5 g1f3 c7c5
1876,g1f3 d7d5 b2b4
1877,g1f3 c7c5
1878,g1f3 c7c6
1879,g1f3 g8f6
1880,g1f3 d7d5 e2e4
1881,g1f3 d7d6 d2d4 c8g4 c2c4 b8d7 d1b3 a8b8
